-- phpMyAdmin SQL Dump
-- version 4.6.5.2
-- https://www.phpmyadmin.net/
--
-- Host: 127.0.0.1
-- Generation Time: Mar 03, 2017 at 06:24 AM
-- Server version: 10.1.21-MariaDB
-- PHP Version: 5.6.30

SET SQL_MODE = "NO_AUTO_VALUE_ON_ZERO";
SET time_zone = "+00:00";


/*!40101 SET @OLD_CHARACTER_SET_CLIENT=@@CHARACTER_SET_CLIENT */;
/*!40101 SET @OLD_CHARACTER_SET_RESULTS=@@CHARACTER_SET_RESULTS */;
/*!40101 SET @OLD_COLLATION_CONNECTION=@@COLLATION_CONNECTION */;
/*!40101 SET NAMES utf8mb4 */;

--
-- Database: `synergic`
--

-- --------------------------------------------------------

--
-- Table structure for table `client_master`
--

CREATE TABLE `client_master` (
  `client_code` bigint(15) NOT NULL,
  `client_name` varchar(100) NOT NULL,
  `client_address` text NOT NULL,
  `client_phone` varchar(12) NOT NULL,
  `client_email` varchar(100) NOT NULL,
  `updated_by` varchar(100) NOT NULL,
  `date_time` timestamp NOT NULL DEFAULT CURRENT_TIMESTAMP
) ENGINE=InnoDB DEFAULT CHARSET=latin1;

--
-- Dumping data for table `client_master`
--

INSERT INTO `client_master` (`client_code`, `client_name`, `client_address`, `client_phone`, `client_email`, `updated_by`, `date_time`) VALUES
(1, 'PACE COMPUTER SERVICES', 'P21, BOSE PARA LANE KOLKATA 700003', '9331057445', '', 'AMITS', '2016-12-22 10:46:04'),
(2, 'FEEDBACK INFRA PVT.LTD', 'DN-10 MERLIN MAXTRIX, 6TH FLOOR,\r\nROOM NO-601,SALT LAKE SEC-V\r\nKOLKATA-700091', '99203029996', '', 'AMITS', '2016-12-28 06:53:55'),
(3, 'LOHIA JUTE PRESS PVT.LTD', '112, CHITTARANJAN AVENUE\r\nKOLKATA-700073', '9830081445', '', 'AMITS', '2016-12-28 07:02:56'),
(4, 'MICROVIEWS INFOSYSTEMS PVT.LTD', 'P-148A,CIT ROAD,SCHEME VIM\r\nKOLKATA-700054', '9831062145', '', 'AMITS', '2016-12-28 07:05:46'),
(5, 'PENTWARE COMPUTER', '475 DUM DUM, ASWIRBAD APT. FLAT-9\r\n4TH FLOOR\r\nKOLKATA- 700055', '9331057445', '', 'AMITS', '2016-12-28 07:08:44'),
(6, 'PROTEX COMPUTER PVT.LTD', 'P-148A CIT ROAD, SCHEME VIM\r\nKOLKATA-700054', '9831062145', '', 'AMITS', '2016-12-28 07:10:15'),
(8, 'BIHAR  CO-OPERATIVE CREDIT SOCIETY .', 'GURHATTA CHOWK BHAGALPUR BIHAR', '0000000000', '', 'RAKESH', '2017-01-13 07:36:11'),
(9, 'SHRI RAM  FINANCE  CORPORATION  PVT  LTD', 'RAIPUR ROAD , BALODABAZAR -493332\r\nDIST – BALODABAZAR', '98261929975', '', 'RAKESH', '2017-01-13 07:47:45'),
(10, 'CYBER INFOSYS', 'SANTIPUR MARKET, MECHEDA, \r\nWEST BENGAL', '00000000000', '', 'RAKESH', '2017-01-13 07:55:26'),
(11, 'GARIAHAT FEE CAR PARKING CO-OP  SOCIETY  LTD', 'KOLKATA', '9874031827', '', 'RAKESH', '2017-01-13 08:09:29'),
(12, 'NIGHTINGLE  FEE CAR PARKING  SAMABAY SAMITY    LTD', 'KOLKATA', '7890342775', '', 'RAKESH', '2017-01-13 08:14:07'),
(13, 'PARKSTREET  FEE  PARKING CO-OP  SOCIETY LTD', 'P-44 , RABINDRA SARANI (5TH FLOOR )\r\nKOLKATA - 700001', '8420157296', '', 'RAKESH', '2017-01-13 08:16:19'),
(14, 'ASSOCIATION OF KASBA INDUSTRIAL ESTATE ENTREPRENEURS  PHASE-1', 'NEWR RUBY HOSPETAL', '9830893397', '', 'RAKESH', '2017-02-03 08:28:24'),
(15, 'DAWAGURI JHINAIDANGA SKUS LTD', 'COOCHBEHAR', '0000000000', '', 'RAKESH', '2017-02-03 08:35:56'),
(16, 'THE GHATAL PEOPLES’ CO –OPERATIVE BANK LTD.  GHATAL', 'PASCHIM MEDINIPUR', '0000000000', '', 'RAKESH', '2017-02-03 08:40:00'),
(17, 'INFRAVISION DEVELOPERS LLP.', 'HPL LINK ROAD, BARDHANNYA GHATA,\r\n\r\nKASHBERIA, HALDIA, PURBA MIDNAPUR.', '9903900447', '', 'RAKESH', '2017-02-03 08:42:45'),
(18, 'STEEL AUTHORITY OF INDIA EMPLOYEES’ COOPERATIVE CREDIT  SOCIETY LIMITED', 'JEEVAN SUDHA BUILDING\r\n\r\n42C,JAWAHARLAL NEHRU ROAD,\r\n\r\nKOLKATA-700071', '0000000000', '', 'RAKESH', '2017-02-03 08:49:10'),
(19, 'SYNDICATE  BANK (GUWAHATI)', 'GUWAHATI', '0000000000', '', 'AMITS', '2017-02-17 09:54:58'),
(20, 'GITANJALI FEE CAR PARKING CO-OP SO. LTD', 'KOLKATA', '0000000000', '', 'AMITS', '2017-02-17 10:04:33'),
(21, 'SIMA SAHA', 'KOLKATA', '0000000000', '', 'AMITS', '2017-02-17 10:17:39'),
(22, 'SOUVIK  DEY', 'VILL+ PO – KESHAPAT\r\nDIST – PURBA MEDINIPUR\r\nPIN – 721139', '9609654534', '', 'AMITS', '2017-02-20 13:03:07'),
(23, 'SUBARNABIHAR SKUS LTD', 'P.O.- AMGHATA , NADIA', '0000000000', '', 'AMITS', '2017-02-25 06:20:26'),
(24, 'GORANBOSE SKUS LTD', 'SOUTH 24 PAG', '0000000000', '', 'AMITS', '2017-02-25 06:21:51');

-- --------------------------------------------------------

--
-- Table structure for table `item_master`
--

CREATE TABLE `item_master` (
  `item_code` bigint(15) NOT NULL,
  `item_type` varchar(100) NOT NULL,
  `item_name` varchar(100) NOT NULL,
  `item_application` text NOT NULL,
  `updated_by` varchar(100) NOT NULL,
  `date_time` timestamp NOT NULL DEFAULT CURRENT_TIMESTAMP
) ENGINE=InnoDB DEFAULT CHARSET=latin1;

--
-- Dumping data for table `item_master`
--

INSERT INTO `item_master` (`item_code`, `item_type`, `item_name`, `item_application`, `updated_by`, `date_time`) VALUES
(1, 'BLUETOOTH THERMAL PRINTER', 'BLUETOOTH THERMAL PRINTER', '3&QUOT;INCH', 'RAKESH', '2016-12-22 10:35:29'),
(2, 'BALAJI HAND HELD', 'SMART3', 'BANKING', 'AMITS', '2017-01-04 12:30:29'),
(3, 'BALAJI HAND HELD', 'SMART3', 'PARKING', 'AMITS', '2017-01-04 12:33:03'),
(4, 'BALAJI HAND HELD', 'SMART3', 'BUS TICKETING', 'AMITS', '2017-01-04 12:33:42'),
(5, 'BALAJI HAND HELD', 'SMART3', 'PETROL PUMP', 'AMITS', '2017-01-04 12:34:02'),
(6, 'BLUETOOTH PRINTER(IMPORT)', 'BLUETOOTH PRINTER(IMPORT)', 'OTHERS', 'AMITS', '2017-02-17 10:20:54');

-- --------------------------------------------------------

--
-- Table structure for table `login_master`
--

CREATE TABLE `login_master` (
  `login_code` int(10) NOT NULL,
  `user_id` varchar(50) NOT NULL,
  `user_password` varchar(50) NOT NULL,
  `user_type` varchar(50) NOT NULL,
  `login_time` timestamp NOT NULL DEFAULT '0000-00-00 00:00:00',
  `logout_time` timestamp NOT NULL DEFAULT '0000-00-00 00:00:00'
) ENGINE=InnoDB DEFAULT CHARSET=latin1;

--
-- Dumping data for table `login_master`
--

INSERT INTO `login_master` (`login_code`, `user_id`, `user_password`, `user_type`, `login_time`, `logout_time`) VALUES
(1, 'ADMIN@SSSPLSALES.IN', 'admin@sssplsales.in', 'AD', '2017-02-03 09:03:30', '2017-02-03 09:04:17'),
(2, 'RAKESH', 'rakeshsingh1989', 'EM', '2017-02-21 06:00:06', '2017-02-21 06:03:11'),
(3, 'SANJAY', 'sanjay', 'EM', '2016-12-22 10:22:50', '2016-12-22 10:22:59'),
(4, 'AMITS', 'amits', 'EM', '2017-03-02 05:12:02', '2017-03-03 05:20:22'),
(5, 'SUJAYP', 'sujayp', 'EM', '2017-02-16 07:06:29', '2017-02-16 07:06:33');

-- --------------------------------------------------------

--
-- Table structure for table `mm_amc_master`
--

CREATE TABLE `mm_amc_master` (
  `amc_id` bigint(15) NOT NULL,
  `order_id` bigint(15) NOT NULL,
  `invoice_no` varchar(50) NOT NULL,
  `invoice_type` varchar(50) NOT NULL,
  `invoice_date` date NOT NULL,
  `starting_date` date NOT NULL,
  `duration` bigint(5) NOT NULL,
  `end_date` date NOT NULL,
  `amount` bigint(50) NOT NULL,
  `tax` bigint(10) NOT NULL,
  `total_amount` bigint(50) NOT NULL,
  `updated_by` varchar(100) NOT NULL,
  `date_time` timestamp NOT NULL DEFAULT CURRENT_TIMESTAMP
) ENGINE=InnoDB DEFAULT CHARSET=latin1;

--
-- Dumping data for table `mm_amc_master`
--

INSERT INTO `mm_amc_master` (`amc_id`, `order_id`, `invoice_no`, `invoice_type`, `invoice_date`, `starting_date`, `duration`, `end_date`, `amount`, `tax`, `total_amount`, `updated_by`, `date_time`) VALUES
(2, 7, 'SSSPL/1617/SER/INV-127', '', '2016-07-26', '2016-07-26', 0, '2016-07-26', 1739, 15, 2000, 'SUJIT', '2017-02-18 06:19:33'),
(3, 11, 'SSSPL/1617/SER/INV-105', '', '2016-07-07', '2016-07-01', 12, '2017-07-01', 60870, 15, 70000, 'SUJIT', '2017-02-18 06:23:04'),
(4, 12, 'SSSPL/1617/SER/INV-170', '', '2016-09-08', '2016-07-01', 12, '2017-07-01', 28000, 15, 32200, 'SUJIT', '2017-02-18 06:24:30'),
(5, 13, 'SSSPL/1617/SER/INV-256', '', '2016-11-01', '2016-11-01', 12, '2017-11-01', 30000, 15, 34500, 'SUJIT', '2017-02-18 06:35:16'),
(6, 6, 'SSSPL/1617/SER/INV-465', '', '2017-02-08', '2017-02-11', 12, '2018-02-11', 30000, 15, 34500, 'SUJIT', '2017-02-18 06:59:31'),
(7, 14, 'SSSPL/1617/SER/INV-84', '', '2016-05-31', '2016-06-01', 12, '2017-06-01', 1, 0, 1, 'SUJIT', '2017-02-18 08:13:10'),
(8, 16, 'SSSPL/1516/SER/INV-408', '', '2016-03-16', '2016-04-01', 12, '2017-04-01', 20000, 15, 22900, 'SUJIT', '2017-02-18 08:16:17'),
(9, 20, 'SSSPL/1617/SER/INV-357', '', '2016-12-15', '2016-06-01', 12, '2017-06-01', 85000, 15, 97750, 'SUJIT', '2017-02-18 08:20:01'),
(10, 22, 'SSSPL/1617/SER/INV-171', '', '2016-09-08', '2016-10-01', 12, '2017-10-01', 29130, 15, 33500, 'SUJIT', '2017-02-18 08:21:46'),
(11, 25, 'SSSPL/1516/SER/INV-50', '', '2015-05-08', '2015-05-01', 12, '2016-05-01', 1, 0, 1, 'SUJIT', '2017-02-18 08:45:00'),
(12, 30, 'SSSPL/1617/SER/INV-272', '', '2016-11-02', '2016-07-01', 12, '2017-07-01', 10000, 15, 11500, 'SUJIT', '2017-02-18 08:52:28'),
(13, 31, 'SSSPL/1516/SER/INV-97', '', '2015-06-05', '2015-06-01', 12, '2016-06-01', 1, 0, 1, 'SUJIT', '2017-02-18 08:53:56'),
(14, 33, 'SSSPL/1617/SER/INV-64', '', '2016-05-26', '2016-05-01', 12, '2017-05-01', 20000, 15, 22900, 'SUJIT', '2017-02-18 08:55:39'),
(15, 34, 'SSSPL/1516/PRF/INV-403', '', '2016-03-07', '2017-02-01', 12, '2018-02-01', 60000, 15, 69000, 'SUJIT', '2017-02-18 09:00:23'),
(16, 35, 'SSSPL/1617/SER/INV-99', '', '2016-06-24', '2016-06-01', 12, '2017-06-01', 79500, 15, 91425, 'SUJIT', '2017-02-18 09:01:56'),
(17, 36, 'SSSPL/1516/SER/INV-205', '', '2015-09-21', '2015-04-01', 12, '2016-04-01', 8772, 14, 10000, 'SUJIT', '2017-02-18 09:03:25'),
(18, 37, 'SSSPL/1617/SER/INV-392', '', '2017-01-06', '2017-01-01', 12, '2018-01-01', 15000, 15, 17250, 'SUJIT', '2017-02-18 09:05:28'),
(19, 38, 'SSSPL/1617/SER/INV-466', '', '2017-02-08', '2017-02-01', 12, '2018-02-01', 20000, 15, 23000, 'SUJIT', '2017-02-18 09:10:05'),
(20, 39, 'SSSPL/1617/SER/INV-172', '', '2016-09-08', '2016-07-01', 12, '2017-07-01', 12250, 15, 14088, 'SUJIT', '2017-02-18 09:22:14'),
(21, 41, 'SSSPL/1617/SER/INV-12', '', '2016-04-18', '2016-05-01', 12, '2017-05-01', 1, 0, 1, 'SUJIT', '2017-02-18 09:24:33'),
(22, 42, 'SSSPL/1516/SER/INV-434', '', '2016-03-24', '2016-04-01', 12, '2017-04-01', 13100, 15, 15000, 'SUJIT', '2017-02-18 09:25:48'),
(23, 43, 'SSSPL/1516/SER/INV-83', '', '2015-05-27', '2015-06-01', 12, '2016-06-01', 1, 0, 1, 'SUJIT', '2017-02-18 09:27:14'),
(24, 44, 'SSSPL/1617/SER/INV-257', '', '2016-11-01', '2016-11-01', 12, '2017-11-01', 13500, 15, 15525, 'SUJIT', '2017-02-18 09:28:26'),
(25, 45, 'SSSPL/1516/SER/INV-137', '', '2015-07-16', '2015-06-01', 12, '2016-06-01', 20000, 14, 22800, 'SUJIT', '2017-02-18 09:29:49'),
(26, 50, 'SSSPL/1516/SER/INV-387', '', '2016-03-04', '2016-03-01', 12, '2017-03-01', 1, 0, 1, 'SUJIT', '2017-02-18 09:36:09'),
(27, 51, 'SSSPL/1617/SER/INV-73', '', '2016-05-31', '2016-06-01', 12, '2017-06-01', 1, 0, 1, 'SUJIT', '2017-02-18 09:42:33'),
(28, 53, 'SSSPL/1617/SER/INV-218', '', '2016-10-13', '2016-09-01', 12, '2016-12-01', 104000, 15, 119600, 'SUJIT', '2017-02-18 09:44:22'),
(29, 55, 'SSSPL/1617/SER/INV-467', '', '2017-02-08', '2017-02-01', 12, '2018-02-01', 20000, 15, 23000, 'SUJIT', '2017-02-18 09:48:50'),
(30, 62, 'SSSPL/1516/SER/01', '', '2015-04-02', '2015-04-01', 12, '2016-04-01', 15000, 12, 16854, 'SUJIT', '2017-02-18 09:56:05'),
(31, 66, 'SSSPL/1516/SER/INV-79', '', '2015-05-26', '2016-05-27', 12, '2017-05-27', 1, 0, 1, 'SUJIT', '2017-02-18 09:59:50'),
(32, 67, 'SSSPL/1617/SER/INV-393', '', '2017-01-06', '2017-01-01', 12, '2018-01-01', 18000, 15, 20700, 'SUJIT', '2017-02-18 10:05:51'),
(33, 69, 'SSSPL/1617/SER/INV-395', '', '2017-01-06', '2017-01-01', 12, '2018-01-01', 18695, 15, 21500, 'SUJIT', '2017-02-18 10:10:04'),
(34, 70, 'SSSPL/1617/SER/INV-311', '', '2016-12-02', '2016-11-01', 12, '2017-11-01', 18000, 15, 20700, 'SUJIT', '2017-02-18 10:14:22'),
(35, 71, 'SSSPL/1516/SER/INV-429', '', '2016-03-22', '2016-04-01', 12, '2017-04-01', 13974, 15, 16000, 'SUJIT', '2017-02-18 10:15:54'),
(36, 73, 'SSSPL/1516/SER/INV-433', '', '2016-03-24', '2016-04-01', 12, '2017-04-01', 21834, 15, 25000, 'SUJIT', '2017-02-18 10:17:18'),
(37, 74, 'SSSPL/1516/SER/INV-405', '', '2016-03-09', '2016-04-01', 12, '2017-04-01', 15000, 15, 17175, 'SUJIT', '2017-02-18 10:18:57'),
(38, 75, 'SSSPL/1516/SER/INV-77', '', '2015-05-26', '2015-06-01', 12, '2016-06-01', 1, 0, 1, 'SUJIT', '2017-02-18 10:20:16'),
(39, 77, 'SSSPL/1516/PRF/INV-409', '', '2016-03-16', '2016-04-01', 12, '2017-04-01', 28821, 15, 33000, 'SUJIT', '2017-02-18 10:23:09'),
(40, 78, 'SSSPL/1617/SER/INV-239', '', '2016-10-18', '2016-07-01', 12, '2017-07-01', 28000, 15, 32200, 'SUJIT', '2017-02-18 10:24:08'),
(41, 81, 'SSSPL/1617/SER/INV-78', '', '2016-05-31', '2016-06-01', 12, '2017-06-01', 1, 0, 1, 'SUJIT', '2017-02-18 10:25:35'),
(42, 83, 'SSSPL/1617/SER/INV-452', '', '2017-02-02', '2017-02-01', 1, '2017-03-01', 10000, 15, 11500, 'SUJIT', '2017-02-18 10:35:23'),
(43, 84, 'NA', '', '2016-07-26', '2016-08-01', 12, '2016-12-01', 1, 0, 1, 'SUJIT', '2017-02-18 10:36:36'),
(44, 85, 'SSSPL/1617/SER/INV-342', '', '2016-12-08', '2016-10-15', 12, '2017-10-15', 30000, 15, 34500, 'SUJIT', '2017-02-18 10:38:01'),
(45, 86, 'SSSPL/1617/SER/INV-61', '', '2016-05-26', '2016-06-01', 12, '2017-06-01', 1, 0, 1, 'SUJIT', '2017-02-18 10:39:57'),
(46, 89, 'SSSPL/1516/SER/INV-422', '', '2016-03-18', '2016-04-01', 12, '2017-04-01', 16000, 15, 18320, 'SUJIT', '2017-02-18 10:42:40'),
(47, 90, 'SSSPL/1516/SER/INV-360', '', '2016-02-22', '2016-03-01', 12, '2017-03-01', 1, 0, 1, 'SUJIT', '2017-02-18 10:43:37'),
(48, 91, 'SSSPL/1516/SER/INV-40', '', '2015-05-04', '2015-03-01', 12, '2016-03-01', 45000, 12, 50562, 'SUJIT', '2017-02-18 10:46:03'),
(49, 92, 'SSSPL/1617/SER/INV-449', '', '2017-02-02', '2017-02-01', 1, '2017-03-01', 18000, 15, 20700, 'SUJIT', '2017-02-18 10:46:56'),
(50, 97, 'SSSPL/1516/SER/INV-380', '', '2016-03-02', '2016-04-01', 12, '2017-04-01', 16000, 15, 18320, 'SUJIT', '2017-02-18 10:50:33'),
(51, 100, 'SSSPL/1516/SER/INV-326', '', '2016-01-18', '2015-12-01', 12, '2016-12-01', 25000, 15, 28625, 'SUJIT', '2017-02-18 10:52:28'),
(52, 101, 'SSSPL/1516/PRF/INV-343', '', '2016-02-04', '2016-02-01', 12, '2017-02-01', 1, 0, 1, 'SUJIT', '2017-02-18 10:54:41'),
(53, 102, 'SSSPL/1516/SER/INV-49', '', '2016-05-08', '2015-04-01', 36, '2018-04-01', 130000, 12, 146068, 'SUJIT', '2017-02-18 10:56:33'),
(54, 104, 'SSSPL/1516/SER/INV-406', '', '2016-03-09', '2016-04-01', 12, '2017-04-01', 25000, 15, 28625, 'SUJIT', '2017-02-18 10:57:32'),
(55, 107, 'SSSPL/1617/SER/INV-468', '', '2017-02-08', '2017-02-01', 12, '2018-02-01', 20000, 15, 23000, 'SUJIT', '2017-02-18 10:59:08'),
(56, 110, 'SSSPL/1516/SER/INV-73', '', '2015-05-26', '2015-06-01', 12, '2016-06-01', 1, 0, 1, 'SUJIT', '2017-02-18 11:01:28'),
(57, 111, 'SSSPL/1617/SER/INV-107', '', '2016-07-07', '2016-04-01', 12, '2017-04-01', 20000, 15, 23000, 'SUJIT', '2017-02-18 11:04:05'),
(58, 112, 'SSSPL/1617/SER/INV-62', '', '2016-05-26', '2016-04-01', 12, '2017-04-01', 1, 0, 1, 'SUJIT', '2017-02-18 11:05:21'),
(59, 115, 'SSSPL/1617/SER/INV-48', '', '2016-05-19', '2016-06-01', 12, '2017-06-01', 24750, 15, 28339, 'SUJIT', '2017-02-18 11:08:36'),
(60, 119, 'SSSPL/1516/SER/INV-230', '', '2015-10-15', '2015-10-16', 12, '2016-10-16', 1, 0, 1, 'SUJIT', '2017-02-21 09:19:31'),
(61, 123, 'SSSPL/1516/SER/INV-437', '', '2016-03-30', '2016-04-01', 12, '2017-04-01', 1, 0, 1, 'SUJIT', '2017-02-21 09:26:57'),
(62, 124, 'SSSPL/1617/SER/INV-469', '', '2016-02-08', '2017-01-01', 3, '2017-04-01', 90000, 15, 103500, 'SUJIT', '2017-02-21 09:55:09'),
(63, 128, 'SSSPL/1617/SER/INV-109', '', '2016-07-07', '2016-04-01', 12, '2017-04-01', 11304, 15, 13000, 'SUJIT', '2017-02-21 09:58:53'),
(64, 129, 'SSSPL/1617/SER/INV-470', '', '2017-02-08', '2017-02-01', 12, '2018-02-01', 22500, 15, 25875, 'SUJIT', '2017-02-21 10:00:21'),
(65, 135, 'SSSPL/1516/SER/INV-435', '', '2016-03-29', '2016-04-01', 12, '2017-04-01', 25000, 15, 28625, 'SUJIT', '2017-02-21 10:32:28'),
(66, 136, 'SSSPL/1617/SER/INV-230', '', '2016-10-13', '2016-10-14', 12, '2017-10-14', 1, 0, 1, 'SUJIT', '2017-02-21 11:15:44'),
(67, 137, 'NA1', '', '2016-06-21', '2016-07-01', 12, '2017-07-01', 1, 0, 1, 'SUJIT', '2017-02-21 11:18:28'),
(68, 139, 'SSSPL/1516/SER/INV-257', '', '2015-11-10', '2015-10-01', 12, '2016-10-01', 30000, 15, 34500, 'SUJIT', '2017-02-21 11:19:54'),
(69, 140, 'NA 2', '', '2016-10-13', '2016-10-14', 12, '2017-10-14', 1, 0, 1, 'SUJIT', '2017-02-21 11:20:51'),
(70, 141, 'SSSPL/1617/SER/INV-175', '', '2016-09-08', '2016-09-01', 12, '2017-10-01', 25000, 15, 28750, 'SUJIT', '2017-02-21 11:48:43'),
(71, 144, 'SSSPL/1617/SER/INV-471', '', '2016-02-08', '2017-01-01', 12, '2018-01-01', 27000, 15, 31050, 'SUJIT', '2017-02-21 12:02:27'),
(72, 147, 'SSSPL/1617/SER/INV-219', '', '2016-10-13', '2016-09-01', 12, '2017-10-01', 30000, 15, 34500, 'SUJIT', '2017-02-21 12:07:22'),
(73, 148, 'SSSPL/1617/INV-99', '', '2016-05-31', '2016-06-01', 12, '2017-06-01', 1, 0, 1, 'SUJIT', '2017-02-21 12:08:42'),
(74, 149, 'SSSPL/1516/SER/INV-272', '', '2015-12-03', '2015-12-01', 12, '2016-12-01', 25000, 15, 28625, 'SUJIT', '2017-02-21 12:41:35'),
(75, 151, 'SSSPL/1516/SER/INV-384', '', '2016-03-04', '2016-04-01', 12, '2017-04-01', 20000, 15, 22900, 'SUJIT', '2017-02-21 12:45:01'),
(76, 156, 'NA3', '', '2016-09-02', '2016-09-01', 12, '2017-08-31', 1, 0, 1, 'SUJIT', '2017-02-23 09:53:21'),
(77, 157, 'SSSPL/1617/SER/INV-13', '', '2016-04-18', '2016-04-01', 12, '2017-04-01', 17664, 15, 20225, 'SUJIT', '2017-02-23 09:55:01'),
(78, 163, 'NA4', '', '2016-06-28', '2016-07-01', 12, '2017-07-01', 1, 0, 1, 'SUJIT', '2017-02-25 05:44:02'),
(79, 165, 'SSSPL/1617/SER/INV-110', '', '2016-07-07', '2016-04-01', 12, '2017-04-01', 31861, 15, 36640, 'SUJIT', '2017-02-25 05:45:55'),
(80, 166, 'SSSPL/1415/INV-296/SER', '', '2015-03-03', '2016-04-01', 12, '2017-04-01', 1, 0, 1, 'SUJIT', '2017-02-25 05:53:03'),
(81, 167, 'SSSPL/1617/SER/INV-37', '', '2016-05-11', '2016-06-01', 12, '2017-06-01', 15000, 15, 17175, 'SUJIT', '2017-02-25 05:54:14'),
(82, 168, 'SSSPL/1617/SER/INV-177', '', '2016-09-08', '2016-08-01', 12, '2017-09-01', 13500, 15, 15525, 'SUJIT', '2017-02-25 05:57:44'),
(83, 170, 'SSSPL/1516/PRF/INV-74', '', '2015-05-26', '2015-06-01', 12, '2016-06-01', 1, 0, 1, 'SUJIT', '2017-02-25 06:00:01'),
(84, 171, 'SSSPL/1516/SER/INV-71', '', '2015-05-20', '2015-04-01', 12, '2016-04-01', 18000, 12, 20225, 'SUJIT', '2017-02-25 06:01:19'),
(85, 178, 'SSSPL/1617/SER/INV-74', '', '2016-05-31', '2016-06-01', 12, '2017-06-01', 1, 0, 1, 'SUJIT', '2017-02-25 06:05:23'),
(86, 183, 'SSSPL/1617/SER/INV-258', '', '2016-11-01', '2016-06-01', 12, '2017-06-01', 25000, 15, 28750, 'SUJIT', '2017-02-25 06:07:49'),
(87, 184, 'SSSPL/1516/SER/INV-342', '', '2016-02-04', '2016-02-01', 12, '2017-02-01', 1, 0, 1, 'SUJIT', '2017-02-25 06:10:00'),
(88, 188, 'SSSPL/1516/SER/INV-253', '', '2015-11-09', '2015-11-01', 12, '2016-11-01', 1, 0, 1, 'SUJIT', '2017-02-25 06:23:51'),
(89, 189, 'SSSPL/1617/SER/INV-178', '', '2016-09-08', '2016-08-01', 12, '2017-09-01', 15000, 15, 17250, 'SUJIT', '2017-02-25 06:24:50'),
(90, 190, 'SSSPL/1617/SER/INV-354', '', '2016-12-15', '2016-12-01', 3, '2017-03-01', 40000, 15, 46000, 'SUJIT', '2017-02-25 06:25:55'),
(91, 191, 'SSSPL/1617/SER/INV-70', '', '2016-05-30', '2016-06-01', 12, '2017-06-01', 150000, 15, 171750, 'SUJIT', '2017-02-25 06:28:11'),
(92, 194, 'SSSPL/1617/SER/INV-38', '', '2016-05-11', '2016-06-01', 12, '2017-06-01', 15000, 15, 17175, 'SUJIT', '2017-02-25 06:30:35'),
(93, 195, 'SSSPL/1617/SER/INV-259', '', '2016-11-01', '2016-11-01', 12, '2017-11-01', 13500, 15, 15525, 'SUJIT', '2017-02-25 06:31:23'),
(94, 196, 'SSSPL/1516/SER/INV-295', '', '2015-12-21', '2015-11-01', 12, '2016-11-01', 25000, 15, 28625, 'SUJIT', '2017-02-25 06:32:50'),
(95, 203, 'SSSPL/1617/SER/INV-472', '', '2017-02-08', '2017-02-01', 12, '2018-02-01', 20000, 15, 23000, 'SUJIT', '2017-02-25 06:34:55'),
(96, 205, 'NA5', '', '2017-02-09', '2017-02-01', 12, '2018-02-01', 1, 0, 1, 'SUJIT', '2017-02-25 06:36:30'),
(97, 206, 'SSSPL/1516/SER/INV-283', '', '2015-12-16', '2016-01-01', 12, '2017-01-01', 1, 0, 1, 'SUJIT', '2017-02-25 06:37:48'),
(98, 208, 'SSSPL/1516/SER/INV-103', '', '2015-06-15', '2016-06-15', 12, '2017-06-15', 1, 0, 1, 'SUJIT', '2017-02-25 06:39:47'),
(99, 209, 'SSSPL/1516/SER/INV-386', '', '2016-03-04', '2016-03-01', 12, '2017-03-01', 1, 0, 1, 'SUJIT', '2017-02-25 06:40:49'),
(100, 210, 'SSSPL/1617/SER/INV-220', '', '2016-10-13', '2016-10-01', 6, '2017-04-01', 30000, 15, 34500, 'SUJIT', '2017-02-25 06:42:21'),
(101, 211, 'SSSPL/1617/SER/INV-473', '', '2017-02-08', '2016-12-01', 12, '2017-12-01', 16522, 15, 19000, 'SUJIT', '2017-02-25 06:43:25'),
(102, 214, 'SSSPL/1617/SER/INV-221', '', '2016-10-13', '2016-10-01', 12, '2017-10-01', 20000, 15, 23000, 'SUJIT', '2017-02-25 06:45:42'),
(103, 215, 'SSSPL/1617/SER/INV-476', '', '2017-02-08', '2017-02-01', 12, '2018-02-01', 15000, 15, 17250, 'SUJIT', '2017-02-25 06:46:46'),
(104, 216, 'SSSPL/1617/SER/INV-236', '', '2016-10-17', '2016-09-14', 12, '2017-09-14', 16000, 15, 18400, 'SUJIT', '2017-02-25 06:48:34'),
(105, 217, 'SSSPL/1617/SER/INV-346', '', '2016-12-08', '2016-08-16', 12, '2017-08-15', 25000, 0, 25000, 'SUJIT', '2017-02-25 06:51:27'),
(106, 218, 'SSSPL/1516/SER/INV-215', '', '2016-10-05', '2016-10-01', 12, '2017-10-01', 1, 0, 1, 'SUJIT', '2017-02-25 06:52:21'),
(107, 219, 'SSS/INV–255/1415/SER', '', '2015-02-02', '2014-12-01', 12, '2015-12-01', 15000, 12, 16854, 'SUJIT', '2017-02-25 06:54:22'),
(108, 222, 'SSSPL/1617/SER/INV-179', '', '2016-09-08', '2016-08-01', 12, '2017-10-01', 30000, 15, 34500, 'SUJIT', '2017-02-25 06:55:50'),
(109, 224, 'SSSPL/1617/SER/INV-228', '', '2016-10-13', '2016-10-01', 12, '2017-10-01', 1, 0, 1, 'SUJIT', '2017-02-25 06:58:15'),
(110, 225, 'SSSPL/1617/SER/INV-136', '', '2016-08-05', '2016-07-15', 18, '2018-12-15', 22500, 15, 25875, 'SUJIT', '2017-02-25 07:03:43'),
(111, 226, 'SSSPL/1516SER/INV-145', '', '2015-07-24', '2015-08-01', 12, '2016-09-01', 1, 0, 1, 'SUJIT', '2017-02-25 07:04:53'),
(112, 227, 'SSSPL/1617/SER/INV-141', '', '2016-08-16', '2016-09-01', 12, '2016-12-01', 1, 0, 1, 'SUJIT', '2017-02-25 07:05:52'),
(113, 234, 'SSSPL/1617/SER/INV-233', '', '2016-10-13', '2016-10-01', 12, '2017-10-01', 1, 0, 1, 'SUJIT', '2017-02-25 07:07:46'),
(114, 237, 'SSSPL/1617/SER/INV-478', '', '2017-02-08', '2017-02-01', 12, '2018-02-01', 20000, 15, 23000, 'SUJIT', '2017-02-25 07:11:53'),
(115, 241, 'SSSPL/1516/SER/INV-348', '', '2016-02-12', '2016-03-01', 12, '2017-03-01', 1, 0, 1, 'SUJIT', '2017-02-25 07:25:24'),
(116, 242, 'SSSPL/1516/SER/INV-352', '', '2016-02-18', '2016-03-01', 12, '2017-03-01', 20000, 15, 22900, 'SUJIT', '2017-02-25 07:28:27'),
(117, 244, 'SSSPL/1617/SER/INV-181', '', '2016-09-08', '2016-09-01', 12, '2017-09-01', 20000, 15, 23000, 'SUJIT', '2017-02-25 07:30:54'),
(118, 246, 'SSSPL/1617/SER/INV-261', '', '2016-11-01', '2016-10-01', 6, '2017-04-01', 10000, 15, 11500, 'SUJIT', '2017-02-25 07:33:02'),
(119, 248, 'SSSPL/1516/SER/INV-424', '', '2016-03-21', '2016-04-01', 12, '2017-04-01', 15000, 15, 17175, 'SUJIT', '2017-02-25 07:35:19'),
(120, 251, 'SSSPL/1617/SER/INV-400', '', '2017-01-06', '2017-01-01', 12, '2018-01-01', 17391, 15, 20000, 'SUJIT', '2017-02-25 07:39:04'),
(121, 253, 'SSSPL/1617/SER/INV-182', '', '2016-09-08', '2016-09-01', 12, '2017-09-01', 35000, 15, 40250, 'SUJIT', '2017-02-25 07:44:13'),
(122, 254, 'SSSPL/1516/SER/INV-359', '', '2016-02-22', '2016-03-01', 12, '2017-03-01', 1, 0, 1, 'SUJIT', '2017-02-25 07:45:29'),
(123, 257, 'SSSPL/1617/SER/INV-451', '', '2017-02-02', '2017-02-01', 1, '2017-03-01', 5500, 15, 6325, 'SUJIT', '2017-02-25 07:47:13'),
(124, 260, 'SSSPL/1617/SER/INV-271', '', '2016-11-02', '2016-11-01', 12, '2017-11-01', 21739, 15, 25000, 'SUJIT', '2017-02-25 07:48:22'),
(125, 262, 'SSSPL/1516/SER/INV-389', '', '2016-03-07', '2016-04-01', 12, '2017-04-01', 20500, 15, 23473, 'SUJIT', '2017-02-25 07:49:28'),
(126, 263, 'SSSPL/1617/SER/INV-262', '', '2016-11-01', '2016-10-01', 12, '2017-10-01', 20000, 15, 23000, 'SUJIT', '2017-02-25 07:50:27'),
(127, 264, 'SSSPL/1617/SER/INV-5', '', '2016-04-05', '2016-04-01', 12, '2017-04-01', 20000, 15, 22900, 'SUJIT', '2017-02-25 08:36:41'),
(128, 265, 'SSSPL/1617/SER/INV-183', '', '2016-09-08', '2016-09-01', 12, '2017-10-01', 20000, 15, 23000, 'SUJIT', '2017-02-25 08:38:36'),
(129, 266, 'SSSPL/1617/SER/INV-122', '', '2016-07-18', '2016-07-01', 12, '2017-07-01', 20000, 15, 23000, 'SUJIT', '2017-02-25 08:39:38'),
(130, 268, 'NA6', '', '2016-05-31', '2016-06-01', 12, '2017-06-01', 1, 0, 1, 'SUJIT', '2017-02-25 08:40:38'),
(131, 270, 'SSSPL/1516/SER/INV-186', '', '2015-09-04', '2015-09-01', 12, '2016-09-01', 1, 0, 1, 'SUJIT', '2017-02-25 08:42:14'),
(132, 271, 'SSSPL/1516/SER/INV-368', '', '2016-02-29', '2017-03-01', 12, '2018-03-01', 15000, 15, 17250, 'SUJIT', '2017-02-25 08:45:35'),
(133, 272, 'SSSPL/1516/SER/INV-428', '', '2016-03-22', '2016-04-01', 12, '2017-04-01', 17467, 15, 20000, 'SUJIT', '2017-02-25 08:48:20'),
(134, 275, 'SSSPL/1617/SER/INV-40', '', '2016-05-11', '2016-04-01', 12, '2017-04-01', 25000, 15, 28625, 'SUJIT', '2017-02-25 08:49:29'),
(135, 276, 'SSSPL/1516/SER /INV-217', '', '2015-10-05', '2015-08-01', 12, '2015-12-01', 40000, 14, 45600, 'SUJIT', '2017-02-25 08:50:22'),
(136, 277, 'SSSPL/1617/SER/INV-47', '', '2016-05-18', '2016-06-01', 12, '2017-06-01', 1, 0, 1, 'SUJIT', '2017-02-25 08:55:14'),
(137, 278, 'SSSPL/1516/SER/INV-224', '', '2015-10-09', '2016-10-01', 12, '2017-10-01', 1, 0, 1, 'SUJIT', '2017-02-25 08:56:17'),
(138, 280, 'SSS/INV–09/1415/SER', '', '2014-04-01', '2014-04-01', 12, '2015-04-01', 20000, 12, 22472, 'SUJIT', '2017-02-25 08:58:22'),
(139, 282, 'SSSPL/1516/SER/INV-410', '', '2016-03-16', '2016-04-01', 12, '2017-04-01', 15000, 15, 17175, 'SUJIT', '2017-02-25 08:59:32'),
(140, 283, 'NA7', '', '2016-07-01', '2016-07-01', 12, '2017-07-01', 1, 0, 1, 'SUJIT', '2017-02-25 09:00:22'),
(141, 284, 'SSSPL/1516/SER/INV-242', '', '2015-11-05', '2015-11-01', 12, '2016-11-01', 1, 0, 1, 'SUJIT', '2017-02-25 09:01:52'),
(142, 288, 'SSSPL/1516/SER/INV-95', '', '2015-06-05', '2015-06-01', 12, '2016-06-01', 1, 0, 1, 'SUJIT', '2017-02-25 09:03:47'),
(143, 289, 'SSSPL/1617/SER/INV-121', '', '2016-07-18', '2016-07-01', 12, '2017-07-01', 30000, 15, 34500, 'SUJIT', '2017-02-25 09:04:41'),
(144, 292, 'SSSPL/1617/INV-613', '', '2017-02-09', '2017-02-01', 12, '2018-02-01', 1, 0, 1, 'SUJIT', '2017-02-25 09:11:26'),
(145, 294, 'SSSPL/1516/SER/INV-169', '', '2015-08-17', '2015-09-01', 12, '2016-10-01', 1, 0, 1, 'SUJIT', '2017-02-25 09:12:51'),
(146, 295, 'SSSPL/1617/INV-651', '', '2017-02-22', '2017-03-01', 12, '2018-03-01', 1, 0, 1, 'SUJIT', '2017-02-25 09:14:21'),
(147, 296, 'SSSPL/1516/SER/INV-349', '', '2016-02-12', '2016-02-01', 12, '2017-02-01', 18000, 15, 20610, 'SUJIT', '2017-02-25 09:16:24'),
(148, 300, 'SSSPL/1516/SER/INV-419', '', '2016-03-18', '2016-03-01', 12, '2017-03-01', 1, 0, 1, 'SUJIT', '2017-02-25 09:20:15'),
(149, 303, 'SSSPL/1516/SER/INV-418', '', '2016-03-18', '2016-03-01', 12, '2017-03-01', 15721, 15, 18000, 'SUJIT', '2017-02-25 09:22:16'),
(150, 305, 'SSSPL/1617/SER/INV-246', '', '2016-10-21', '2017-01-21', 6, '2017-07-21', 35000, 15, 40250, 'SUJIT', '2017-02-25 09:26:16'),
(151, 309, 'SSSPL/1516/SER/INV-294', '', '2016-12-21', '2017-03-01', 12, '2018-03-01', 24000, 15, 27600, 'SUJIT', '2017-02-25 09:28:29'),
(152, 310, 'NA8', '', '2017-01-19', '2017-02-01', 12, '2018-02-01', 1, 0, 1, 'SUJIT', '2017-02-25 09:43:19'),
(153, 311, 'SSSPL/1617/SER/INV-506', '', '2017-02-23', '2017-03-01', 12, '2018-03-01', 20000, 15, 23000, 'SUJIT', '2017-02-25 09:44:42'),
(154, 312, 'SSSPL/1617/SER/INV-360', '', '2016-12-15', '2016-12-15', 12, '2017-12-15', 1, 0, 1, 'SUJIT', '2017-02-25 09:45:57'),
(155, 313, 'SSSPL/1617/SER/INV-269', '', '2016-11-02', '2016-11-01', 12, '2017-11-01', 28000, 15, 32200, 'SUJIT', '2017-02-25 09:50:06'),
(156, 315, 'SSSPL/1516/SER/INV-407', '', '2016-03-09', '2016-03-01', 12, '2017-03-01', 18000, 15, 20610, 'SUJIT', '2017-02-25 09:51:16'),
(157, 316, 'SSSPL/1617/SER/INV-263', '', '2016-11-01', '2016-11-01', 12, '2017-11-01', 30000, 15, 34500, 'SUJIT', '2017-02-25 09:52:07'),
(158, 318, 'SSSPL/1617/SER/INV-223', '', '2016-10-13', '2016-09-01', 12, '2017-10-01', 18000, 15, 20700, 'SUJIT', '2017-02-25 09:53:20'),
(159, 319, 'SSSPL/1617/SER/INV-80', '', '2016-05-31', '2016-06-01', 12, '2017-06-01', 1, 0, 1, 'SUJIT', '2017-02-25 09:58:31'),
(160, 321, 'SSSPL/1516/SER/INV-243', '', '2015-11-05', '2015-11-01', 12, '2016-11-01', 1, 0, 1, 'SUJIT', '2017-02-25 10:00:33'),
(161, 325, 'SSSPL/1516/SER/INV-07', '', '2016-04-06', '2016-04-01', 12, '2017-04-01', 12000, 12, 13483, 'SUJIT', '2017-02-25 10:02:40'),
(162, 327, 'SSSPL/1617/SER/INV-317', '', '2016-12-05', '2016-12-01', 12, '2017-12-01', 32000, 15, 36800, 'SUJIT', '2017-02-25 10:03:40'),
(163, 328, 'SSSPL/1516/SER/INV-211', '', '2015-10-05', '2015-10-01', 12, '2016-10-01', 30000, 15, 34500, 'SUJIT', '2017-02-25 10:05:12'),
(164, 334, 'NA9', '', '2016-09-29', '2016-10-01', 12, '2017-10-01', 1, 0, 1, 'SUJIT', '2017-02-25 10:06:40'),
(165, 335, 'SSSPL/1617/SER/INV-481', '', '2017-02-09', '2017-02-01', 12, '2018-02-01', 11304, 15, 13000, 'SUJIT', '2017-02-25 10:20:25'),
(166, 338, 'SSSPL/1516/SER/INV-390', '', '2017-03-07', '2017-03-01', 1, '2017-04-01', 1, 0, 1, 'SUJIT', '2017-02-25 10:21:48'),
(167, 337, 'SSSPL/1314/SER/INV-277', '', '2014-03-01', '2014-03-01', 12, '2015-03-01', 1, 0, 1, 'SUJIT', '2017-02-25 10:23:40'),
(168, 342, 'SSSPL/1516/SER/INV-119', '', '2015-07-02', '2015-07-01', 12, '2016-07-01', 1, 0, 1, 'SUJIT', '2017-02-25 10:24:41'),
(169, 343, 'SSSPL/1516/PRF/INV-321', '', '2016-01-11', '2016-01-01', 12, '2017-01-01', 1, 0, 1, 'SUJIT', '2017-02-25 10:26:22'),
(170, 344, 'SSSPL/1617/SER/INV-374', '', '2016-12-26', '2016-12-01', 4, '2017-04-01', 55000, 15, 63250, 'SUJIT', '2017-02-25 10:29:14'),
(171, 345, 'SSSPL/1617/SER/INV-237', '', '2016-10-17', '2016-08-01', 12, '2016-12-01', 16000, 15, 18400, 'SUJIT', '2017-02-25 10:30:04'),
(172, 347, 'NA10', '', '2016-11-07', '2016-11-01', 12, '2017-11-01', 1, 0, 1, 'SUJIT', '2017-02-25 10:49:14'),
(173, 348, 'SSSPL/1516/SER/INV-117', '', '2015-07-02', '2015-07-01', 12, '2016-07-01', 1, 0, 1, 'SUJIT', '2017-02-25 10:50:29'),
(174, 349, 'SSSPL/1617/SER/INV-412', '', '2017-01-11', '2017-01-01', 6, '2017-07-01', 90000, 15, 103500, 'SUJIT', '2017-02-25 10:51:27'),
(175, 350, 'NA11', '', '2016-11-19', '2016-12-01', 12, '2017-12-01', 1, 0, 1, 'SUJIT', '2017-02-25 11:10:28'),
(176, 352, 'SSSPL/1617/SER/INV-184', '', '2016-09-08', '2016-09-01', 12, '2016-12-01', 25000, 15, 28750, 'SUJIT', '2017-02-25 11:11:24'),
(177, 353, 'SSSPL/1516/SER/INV-425', '', '2016-03-21', '2016-04-01', 12, '2017-04-01', 20000, 15, 22900, 'SUJIT', '2017-02-25 11:12:31'),
(178, 354, 'NA12', '', '2016-11-28', '2016-12-01', 12, '2017-12-01', 1, 0, 1, 'SUJIT', '2017-02-25 11:13:13'),
(179, 355, 'SSSPL/1617/SER/INV-18', '', '2016-04-18', '2016-04-01', 12, '2017-04-01', 20000, 15, 22900, 'SUJIT', '2017-02-25 11:15:21'),
(180, 357, 'NA13', '', '2016-06-21', '2016-07-01', 12, '2017-07-01', 1, 0, 1, 'SUJIT', '2017-02-27 11:25:31'),
(181, 362, 'SSSPL/1617/SER/INV-186', '', '2016-09-08', '2016-07-01', 12, '2017-07-01', 36000, 15, 41400, 'SUJIT', '2017-02-27 11:36:28');

-- --------------------------------------------------------

--
-- Table structure for table `mm_client_master`
--

CREATE TABLE `mm_client_master` (
  `client_id` bigint(15) NOT NULL,
  `client_name` varchar(100) NOT NULL,
  `client_type` varchar(100) NOT NULL,
  `contact_person` varchar(100) NOT NULL,
  `designation` varchar(100) NOT NULL,
  `contact_no` varchar(12) NOT NULL,
  `sss_man` varchar(100) NOT NULL,
  `state` varchar(100) NOT NULL,
  `district` varchar(100) NOT NULL,
  `address` text NOT NULL,
  `pin_code` varchar(20) NOT NULL,
  `email` varchar(100) NOT NULL,
  `remarks` text NOT NULL,
  `updated_by` varchar(100) NOT NULL,
  `date_time` timestamp NOT NULL DEFAULT CURRENT_TIMESTAMP
) ENGINE=InnoDB DEFAULT CHARSET=latin1;

--
-- Dumping data for table `mm_client_master`
--

INSERT INTO `mm_client_master` (`client_id`, `client_name`, `client_type`, `contact_person`, `designation`, `contact_no`, `sss_man`, `state`, `district`, `address`, `pin_code`, `email`, `remarks`, `updated_by`, `date_time`) VALUES
(1, 'ABHISEKH MONDAL', '7', '', '', '', '', '', '', '', '', '', '', 'ARITRA', '2017-02-17 11:35:23'),
(2, 'ACHIEVERS AGRI INDIA PVT LTD', '9', '', '', '', '', 'KARNATAK', 'OTHERS', '', '', '', '', 'ARITRA', '2017-02-18 09:03:48'),
(3, 'ADADANGA SKUS LTD', '1', '', '', '', 'ARFI BILLAH MONDAL', 'WEST BENGAL', 'MALDAH', '', '', '', '', 'ARITRA', '2017-02-18 08:34:16'),
(4, 'ADASIMLA SKUS LTD', '1', '', '', '', '', '', '', '', '', '', '', 'ARITRA', '2017-02-17 11:37:38'),
(5, 'AFTAF CABLE VISION', '11', '', '', '', '', 'ODHISHA', 'OTHERS', '', '', '', '', 'ARITRA', '2017-02-18 09:03:25'),
(6, 'AIHO SKUS LTD', '1', '', '', '', 'ARFI BILLAH MONDAL', 'WEST BENGAL', 'MALDAH', '', '', '', '', 'ARITRA', '2017-02-17 11:42:41'),
(7, 'AJHAPUR UCACS LTD', '1', '', 'MANAGER', '9800438667', 'ARGHYA MONDAL', 'WEST BENGAL', 'BURDWAN', '', '', '', 'DEPOSIT AND FINANCE RUNNING.', 'ARGHYA', '2017-03-02 13:17:16'),
(8, 'A.K. JAMES', '11', '', '', '', 'AMIT KR SINGH', 'WEST BENGAL', 'KOLKATA', '', '', '', '', 'ARITRA', '2017-02-18 09:25:41'),
(9, 'AKTAIL SKUS', '1', '', '', '', '', '', '', '', '', '', '', 'ARITRA', '2017-02-17 11:38:56'),
(10, 'ALFATECH', '7', '', '', '', '', '', '', '', '', '', '', 'ARITRA', '2017-02-17 11:39:15'),
(11, 'ALIPURDUAR ARDB', '5', '', '', '', 'DEBASISH ADHIKARY', 'WEST BENGAL', 'ALIPURDUAR', '', '', '', '', 'ARITRA', '2017-02-17 12:01:31'),
(12, 'ALO MAHILA CO-OPERATIVE CR. SOCIETY LTD', '2', '', '', '', 'DEBASISH ADHIKARY', 'WEST BENGAL', 'DAKHSHIN DINAJPUR', '', '', '', '', 'ARITRA', '2017-02-17 12:02:45'),
(13, 'AMADPUR UNION COOP AGRICULTURE CREDIT SOC. LTD', '1', 'BANI DA', 'MANAGER', '8116950837', 'ARGHYA MONDAL', 'WEST BENGAL', 'BURDWAN', '', '', 'AMADPURUCACSLTD@GMAIL.COM', 'BANKING RUNNING SUCCESSFULLY.BUT AUDIT NOT READY.', 'ARGHYA', '2017-03-02 12:58:57'),
(14, 'AMBERIA SKUS LTD', '1', '', '', '', 'SUVENDU RAKSHIT', 'WEST BENGAL', 'PASCHIM MIDNAPORE', '', '', '', '', 'ARITRA', '2017-02-18 08:55:09'),
(15, 'AMRULIA SKUS LTD', '1', '', '', '', '', '', '', '', '', '', '', '', '2017-02-14 11:02:32'),
(16, 'AMTA -II A.C.M.S LTD', '10', '', '', '', 'SUVENDU RAKSHIT', 'WEST BENGAL', 'HOWRAH', '', '', '', '', 'ARITRA', '2017-02-17 11:48:11'),
(17, 'ANAND NARAYAN SINGH & SONS', '7', '', '', '', '', 'WEST BENGAL', 'HOWRAH', '', '', '', '', 'ARITRA', '2017-02-18 09:01:49'),
(18, 'ANANTA PRAKASH LAHA', '7', '', '', '', '', '', '', '', '', '', '', 'ARITRA', '2017-02-17 11:48:51'),
(19, 'ANDULIA SKUS LTD', '1', '', '', '', '', '', '', '', '', '', '', '', '2017-02-14 11:02:32'),
(20, 'ARAMBAGH CO-OP ARDB', '5', '', '', '', 'DEBASISH ADHIKARY', 'WEST BENGAL', 'HOOGHLY', '', '', '', '', 'ARITRA', '2017-02-17 11:50:04'),
(21, 'ARCHIEVERS AGRI INDIA PVT LTD', '1', '', '', '', '', '', '', '', '', '', '', '', '2017-02-14 11:02:32'),
(22, 'ARUI SKUS LTD', '1', 'ACHINTA DA', 'ACCOUNTANT', '9564939568', 'ARGHYA MONDAL', 'WEST BENGAL', 'BURDWAN', '', '', '', 'BANKING AND TRADING RUNNING.BUT AUDIT NOT READY.', 'ARGHYA', '2017-03-02 13:04:15'),
(23, 'ARUN KUNDU', '7', '', '', '', 'AMIT KR SINGH', 'WEST BENGAL', 'KOLKATA', '', '', '', '', 'ARITRA', '2017-02-18 08:59:27'),
(24, 'ASHOK DHANKUNI KHARAGPUR TOLLWAY LTD', '7', '', '', '', 'AMIT KR SINGH', 'WEST BENGAL', 'HOWRAH', '', '', '', '', 'ARITRA', '2017-02-18 09:00:09'),
(25, 'ASP ECCS LTD', '3', 'JAYANTA', 'SECRETARY', '9434537005', 'DEBASISH ADHIKARY', 'WEST BENGAL', 'BURDWAN', 'ALLOY STEEL\r\nDURGAPUR', '', '', '', 'TANMAY', '2017-03-01 14:53:14'),
(26, 'ASSOCIATION OF KASBA INDUSTRIAL E.E.', '7', '', '', '', 'AMIT KR SINGH', 'WEST BENGAL', 'KOLKATA', '', '', '', '', 'ARITRA', '2017-02-17 11:54:20'),
(27, 'ATULANAND SERVICE STATION', '1', '', '', '', '', '', '', '', '', '', '', '', '2017-02-14 11:02:32'),
(28, 'AUSGRAM BLOCK - II LAMPS LTD', '6', '', 'MANAGER', '8670132035', 'ARGHYA MONDAL', 'WEST BENGAL', 'BURDWAN', '', '', '', 'NEW ORDER.DATA ENTRY RUNNING.', 'ARGHYA', '2017-03-02 13:10:03'),
(29, 'AUSGRAM BLOCK-I LAMPS SOCIETY LTD', '6', '', 'SECRETARY', '8016430932', 'ARGHYA MONDAL', 'WEST BENGAL', 'BURDWAN', '', '', '', 'NEW ORDER.DATA ENTRY RUNNING', 'ARGHYA', '2017-03-02 13:13:00'),
(30, 'AYESHBAGH SKUS LTD', '1', '', '', '', 'DEBASISH BERA', 'WEST BENGAL', 'MURSHIDABAD', '', '', '', '', 'ARITRA', '2017-02-17 11:57:02'),
(31, 'AZIZNAGAR SKUS LTD', '1', '', '', '', 'ARFI BILLAH MONDAL', 'WEST BENGAL', 'NORTH 24 PGS', '', '', '', '', 'ARITRA', '2017-02-17 11:57:46'),
(32, 'BABBYATARHAT SKUS LTD', '1', '', '', '', 'CYBER INFOSYS', 'WEST BENGAL', 'PURBA MIDNAPORE', '', '', '', '', 'ARITRA', '2017-02-18 08:56:25'),
(33, 'BAGDA L.S. PRY CO-OP SO.LTD', '1', '', '', '', 'ARFI BILLAH MONDAL', 'WEST BENGAL', 'NORTH 24 PGS', '', '', '', '', 'ARITRA', '2017-02-17 11:58:56'),
(34, 'BAGGAON SKUS LTD', '1', '', '', '', 'ARFI BILLAH MONDAL', 'WEST BENGAL', 'UTTAR DINAJPUR', '', '', '', '', 'ARITRA', '2017-02-17 11:59:47'),
(35, 'BAGNAN -1 MAHILA BIKASH CO-OPE.CREDIT SOCEITY', '2', '', '', '', 'AMIT KR SINGH', 'WEST BENGAL', 'HOWRAH', '', '', '', '', 'ARITRA', '2017-02-17 12:00:20'),
(36, 'BAGNAPARA SKUS LTD', '1', '', '', '', 'ARGHYA MONDAL', 'WEST BENGAL', 'BURDWAN', '', '', '', 'NOT WORKING OUR SOFTWARE.', 'ARGHYA', '2017-03-02 13:15:15'),
(37, 'BAJUA SKUS LTD', '1', '', '', '', 'ARGHYA MONDAL', 'WEST BENGAL', 'BURDWAN', '', '', '', '', 'ARITRA', '2017-02-17 12:01:16'),
(38, 'BAKCHARAN SKUS LTD', '2', '', '', '', 'ARGHYA MONDAL', 'WEST BENGAL', 'NORTH 24 PGS', '', '', '', '', 'ARITRA', '2017-02-18 08:39:41'),
(39, 'BAKSARA CO-OP. CREDIT SOCIETY LTD', '2', '', '', '', 'AMIT KR SINGH', 'WEST BENGAL', 'HOWRAH', '', '', '', '', 'ARITRA', '2017-02-17 12:02:25'),
(40, 'BALAJI MANDIR MAINTENANCE & COMMITTEE', '7', '', '', '', 'AMIT KR SINGH', 'WEST BENGAL', 'PASCHIM MIDNAPORE', '', '', '', '', 'ARITRA', '2017-02-17 12:04:10'),
(41, 'BALARAMPUR LASKARPUR SKUS LTD', '1', '', '', '', 'ARFI BILLAH MONDAL', 'WEST BENGAL', 'MALDAH', '', '', '', '', 'ARITRA', '2017-02-17 12:04:46'),
(42, 'BALIA SKUS LTD', '1', '', '', '', 'ARGHYA MONDAL', 'WEST BENGAL', 'BURDWAN', '', '', '', '', 'ARITRA', '2017-02-17 12:05:35'),
(43, 'BALIHARA SKUS LTD', '1', '', '', '', 'ARFI BILLAH MONDAL', 'WEST BENGAL', 'UTTAR DINAJPUR', '', '', '', '', 'ARITRA', '2017-02-17 12:10:45'),
(44, 'BALKI SKUS LTD', '1', '', '', '', 'ARGHYA MONDAL', 'WEST BENGAL', 'NORTH 24 PGS', '', '', '', '', 'ARITRA', '2017-02-17 12:11:50'),
(45, 'BALLUK U.C.A.C.S. LTD', '1', '', '', '', 'SUVENDU RAKSHIT', 'WEST BENGAL', 'PASCHIM MIDNAPORE', '', '', '', '', 'ARITRA', '2017-02-17 12:15:41'),
(46, 'BAMAN PUKUR MINKHAN SKUS LTD', '1', '', '', '', 'ARGHYA MONDAL', 'WEST BENGAL', 'NORTH 24 PGS', '', '', '', '', 'ARITRA', '2017-02-17 12:16:42'),
(47, 'BANCHHARAM FOOD PRODUCTS PVT LTD', '1', '', '', '', 'NILKANTHA DAS', 'WEST BENGAL', 'KOLKATA', '', '', '', '', 'ARITRA', '2017-02-17 13:18:36'),
(48, 'BANCHHARAM SAMABAY K.U.S.LTD', '1', '', '', '', '', '', '', '', '', '', '', '', '2017-02-14 11:02:32'),
(49, 'BANDHMURA SKUS LTD', '1', '', '', '', 'ARGHYA MONDAL', 'WEST BENGAL', 'BURDWAN', '', '', '', '', 'ARITRA', '2017-02-17 13:19:34'),
(50, 'BANGARIA SKUS LTD', '1', '', '', '', 'DEBASISH BERA', 'WEST BENGAL', 'NADIA', '', '', '', '', 'ARITRA', '2017-02-18 08:54:27'),
(51, 'BANIHARI SKUS LTD', '1', '', '', '', 'ARFI BILLAH MONDAL', 'WEST BENGAL', 'DAKHSHIN DINAJPUR', '', '', '', '', 'ARITRA', '2017-02-18 08:32:37'),
(52, 'BANIK FILLING STATION', '11', '', '', '', 'AMIT KR SINGH', 'WEST BENGAL', 'HOOGHLY', '', '', '', '', 'ARITRA', '2017-02-18 09:28:08'),
(53, 'BANKURA ARDB LTD', '5', '', '', '', 'DEBASISH ADHIKARY', 'WEST BENGAL', 'BANKURA', '', '', '', '', 'ARITRA', '2017-02-18 08:24:55'),
(54, 'BANSBERA GPSKUS LTD', '1', '', '', '', 'ARGHYA MONDAL', 'WEST BENGAL', 'PURULIA', '', '', '', '', 'ARITRA', '2017-02-18 08:40:39'),
(55, 'BARA ANDULIA SKUS LTD', '1', '', '', '', 'DEBASISH BERA', 'WEST BENGAL', 'NADIA', '', '', '', '', 'ARITRA', '2017-02-18 08:25:58'),
(56, 'BARABAZAR FEE PARKING CO-OP SO. LTD', '7', '', '', '', 'AMIT KR SINGH', 'WEST BENGAL', 'KOLKATA', '', '', '', '', 'ARITRA', '2017-02-18 09:01:14'),
(57, 'BARACHAUKI SKUS LTD', '1', '', '', '', 'DEBASISH ADHIKARY', 'WEST BENGAL', 'ALIPURDUAR', '', '', '', '', 'ARITRA', '2017-02-18 08:28:23'),
(58, 'BARADABAD PIPULDHYA SKUS LTD', '1', '', '', '', 'ARGHYA MONDAL', 'WEST BENGAL', 'NORTH 24 PGS', '', '', '', '', 'ARITRA', '2017-02-18 08:41:26'),
(59, 'BARAKALSHIBHANGA SKUS LTD', '1', '', '', '', '', '', '', '', '', '', '', '', '2017-02-14 11:02:32'),
(60, 'BARANAGAR CO-OP BANK LTD', '4', '', '', '', 'DEBASISH ADHIKARY', 'WEST BENGAL', 'KOLKATA', '', '', '', '', 'ARITRA', '2017-02-18 08:27:14'),
(61, 'BARISHA SKUS LTD', '1', '', '', '', 'SUVENDU RAKSHIT', 'WEST BENGAL', 'PASCHIM MIDNAPORE', '', '', '', '', 'ARITRA', '2017-02-18 08:27:50'),
(62, 'BARKHODA BHUBANESWARPUR SKUS LTD', '1', '', '', '', 'DEBASISH ADHIKARY', 'WEST BENGAL', 'PURBA MIDNAPORE', '', '', '', '', 'ARITRA', '2017-02-18 08:58:54'),
(63, 'BARRACKPUR POLICE COMMISSINERATE', '3', '', '', '', 'DEBASISH ADHIKARY', 'WEST BENGAL', 'NORTH 24 PGS', '', '', '', '', 'ARITRA', '2017-02-18 08:29:45'),
(64, 'BASANTA CABLE', '11', '', '', '', '', 'ODHISHA', 'OTHERS', '', '', '', '', 'ARITRA', '2017-02-18 09:28:39'),
(65, 'BASANTI PRAGATI LTD', '1', '', '', '', '', '', '', '', '', '', '', '', '2017-02-14 11:02:32'),
(66, 'BASURIA UNION CO-OP AGRICULTURE CREDIT SOCIETY LTD', '1', '', '', '', 'ARFI BILLAH MONDAL', 'WEST BENGAL', 'DAKHSHIN DINAJPUR', '', '', '', '', 'ARITRA', '2017-02-18 08:47:09'),
(67, 'BEDIBHAWAN JAJAKALYAN CO-OP.CREDIT SOCIETY', '2', '', '', '', 'DEBASISH ADHIKARY', 'WEST BENGAL', 'NADIA', '', '', '', '', 'ARITRA', '2017-02-18 08:30:31'),
(68, 'BEGPUR SKUS LTD', '1', '', '', '', 'ARGHYA MONDAL', 'WEST BENGAL', 'BURDWAN', '', '', '', '', 'ARITRA', '2017-02-18 08:42:15'),
(69, 'BELMURI SKUS LTD', '1', '', '', '', 'ARGHYA MONDAL', 'WEST BENGAL', 'BURDWAN', '', '', '', '', 'ARITRA', '2017-02-18 08:36:59'),
(70, 'BENGAL SECRETARIOT CO-OP SOCIETY LTD', '3', '', '', '', 'NILKANTHA DAS', 'WEST BENGAL', 'KOLKATA', '', '', '', '', 'ARITRA', '2017-02-18 08:44:05'),
(71, 'BERELA SECH O SKUS LTD', '1', '', '', '', 'ARGHYA MONDAL', 'WEST BENGAL', 'HOOGHLY', '', '', '', '', 'ARITRA', '2017-02-18 08:45:40'),
(72, 'BERHAMPORE URBAN CO-OP.CREDIT SOCIETY LTD', '2', '', '', '', 'AMIT KR SINGH', 'WEST BENGAL', 'MURSHIDABAD', '', '', '', '', 'ARITRA', '2017-02-18 08:46:27'),
(73, 'BERUI SKUS LTD', '1', '', '', '', 'ARGHYA MONDAL', 'WEST BENGAL', 'HOOGHLY', '', '', '', '', 'ARITRA', '2017-02-18 08:47:54'),
(74, 'BETAI SKUS LTD', '1', '', '', '', 'ARGHYA MONDAL', 'WEST BENGAL', 'HOOGHLY', '', '', '', '', 'ARITRA', '2017-02-18 08:48:33'),
(75, 'BHAGBANPUR SKUS LTD', '1', '', '', '', 'ARFI BILLAH MONDAL', 'WEST BENGAL', 'UTTAR DINAJPUR', '', '', '', '', 'ARITRA', '2017-02-18 08:50:17'),
(76, 'BHAIRAB CHANDRAPUR SKUS LTD', '1', '', '', '', '', '', '', '', '', '', '', '', '2017-02-14 11:02:32'),
(77, 'BHANUKUMARI GRAMIN SKUS LTD', '1', '', '', '', 'DEBASISH ADHIKARY', 'WEST BENGAL', 'COOCHBEHAR', '', '', '', '', 'ARITRA', '2017-02-18 08:51:07'),
(78, 'BHATIBARI SKUS LTD', '1', '', '', '', 'DEBASISH ADHIKARY', 'WEST BENGAL', 'ALIPURDUAR', '', '', '', '', 'ARITRA', '2017-02-18 08:52:35'),
(79, 'BHATPARA NAIHATI CO-OP.BANK', '11', '', '', '', 'AMIT KR SINGH', 'WEST BENGAL', 'NORTH 24 PGS', '', '', '', '', 'ARITRA', '2017-02-18 09:30:57'),
(80, 'BHATPARA SKUS LTD', '1', '', '', '', '', '', '', '', '', '', '', '', '2017-02-14 11:02:32'),
(81, 'BHATPARA SKUS LTD(BALURGHAT)', '1', '', '', '', 'ARFI BILLAH MONDAL', 'WEST BENGAL', 'DAKHSHIN DINAJPUR', '', '', '', '', 'ARITRA', '2017-02-18 09:31:36'),
(82, 'BHAYNA SKUS LTD', '1', '', '', '', 'DEBASISH BERA', 'WEST BENGAL', 'NADIA', '', '', '', '', 'ARITRA', '2017-02-18 09:35:18'),
(83, 'BHOWANIPUR SKUS LTD', '1', '', '', '', 'ARGHYA MONDAL', 'WEST BENGAL', 'HOOGHLY', '', '', '', '', 'ARITRA', '2017-02-18 09:32:11'),
(84, 'BHUJAGAON O PATAGORA SKUS LTD', '1', '', '', '', '', '', '', '', '', '', '', '', '2017-02-14 11:02:32'),
(85, 'BIDYANANDAPUR SKUS LTD', '1', '', '', '', 'DEBASISH ADHIKARY', 'WEST BENGAL', 'UTTAR DINAJPUR', '', '', '', '', 'ARITRA', '2017-02-18 09:32:56'),
(86, 'BIHAR CO-OP CREDIT SOCIETY LTD', '2', '', '', '', 'AMIT KR SINGH', 'WEST BENGAL', 'OTHERS', '', '', '', '', 'ARITRA', '2017-02-18 09:33:39'),
(87, 'BIJALKONA SKUS LTD', '1', '', '', '', 'ARGHYA MONDAL', 'WEST BENGAL', 'HOOGHLY', '', '', '', '', 'ARITRA', '2017-02-18 09:37:31'),
(88, 'BIJOY HALDER', '7', '', '', '', 'DEBASISH ADHIKARY', 'WEST BENGAL', 'KOLKATA', '', '', '', '', 'ARITRA', '2017-02-18 09:38:45'),
(89, 'BIRBHUM ARDB LTD', '5', '', '', '', 'DEBASISH ADHIKARY', 'WEST BENGAL', 'BIRBHUM', '', '', '', '', 'ARITRA', '2017-02-18 09:39:26'),
(90, 'BISHA PARA', '2', 'SUNIL DEY', 'MANAGER', '9836702559', 'SUBHADIP BANERJEE', 'WEST BENGAL', 'NORTH 24 PGS', 'BISHARPARA', '', '', '', 'TANMAY', '2017-03-01 14:52:11'),
(91, 'BISHNUPUR ROWTARA PRIMARY AGRICULTURE', '1', '', '', '', 'DEBASISH ADHIKARY', 'WEST BENGAL', 'NADIA', '', '', '', '', 'ARITRA', '2017-02-18 09:41:06'),
(92, 'BISHNUPUR TOWN CO-OP BANK', '4', '', '', '', 'DEBASISH ADHIKARY', 'WEST BENGAL', 'BANKURA', '', '', '', '', 'ARITRA', '2017-02-18 09:42:20'),
(93, 'BISWAS MATURI KASHIPUR BAMANARA SKUS', '1', '', '', '', 'SUVENDU RAKSHIT', 'WEST BENGAL', 'PURBA MIDNAPORE', '', '', '', '', 'ARITRA', '2017-02-18 09:43:20'),
(94, 'BN GHATAK COLD STORAGE', '12', '', '', '', 'DEBASISH ADHIKARY', 'WEST BENGAL', 'BURDWAN', '', '', '', '', 'ARITRA', '2017-02-18 10:05:35'),
(95, 'BOINCHEE C.A.D.C BERELA SECH O SKUS LTD', '1', '', '', '', 'ARGHYA MONDAL', 'WEST BENGAL', 'HOOGHLY', '', '', '', '', 'ARITRA', '2017-02-18 09:44:47'),
(96, 'BOINICHI CADP FSCS LTD', '1', '', '', '', 'ARGHYA MONDAL', 'WEST BENGAL', 'HOOGHLY', '', '', '', '', 'ARITRA', '2017-02-18 09:46:48'),
(97, 'BOKARO STEEL EMPLOYEE CO-OP.CREDIT SOCIETY', '3', '', '', '', 'SUBHADIP BANERJEE', 'WEST BENGAL', 'KOLKATA', '', '', '', '', 'ARITRA', '2017-02-18 09:47:21'),
(98, 'BRAHAMANAGAR SKUS LTD', '11', '', '', '', 'AMIT KR SINGH', 'WEST BENGAL', 'NADIA', '', '', '', '', 'ARITRA', '2017-02-18 09:48:35'),
(99, 'BRINDABATI SKUS LTD', '1', '', '', '', '', '', '', '', '', '', '', '', '2017-02-14 11:02:32'),
(100, 'BADAMTHAM CCS LTD', '2', '', '', '', 'SUBHADIP BANERJEE', 'WEST BENGAL', 'DARJEELING', '', '', '', '', 'ARITRA', '2017-02-18 09:49:54'),
(101, 'BURAPAT SKUS LTD', '1', '', '', '', 'SUBHADIP BANERJEE', 'WEST BENGAL', 'PASCHIM MIDNAPORE', '', '', '', '', 'ARITRA', '2017-02-18 09:51:01'),
(102, 'BURDWAN ARDB', '5', '', '', '', 'DEBASISH ADHIKARY', 'WEST BENGAL', 'BURDWAN', '', '', '', '', 'ARITRA', '2017-02-18 09:51:59'),
(103, 'CALCUTTA FEE CAR PARKING CO-OP SOCIETY LTD', '11', '', '', '', 'AMIT KR SINGH', 'WEST BENGAL', 'KOLKATA', '', '', '', '', 'ARITRA', '2017-02-18 09:52:50'),
(104, 'CENTRAL BANK OF INDIA CO-OP. SOCIETY LTD', '3', 'BASUDEB', 'MANAGER', '7278853242', 'SUBHADIP BANERJEE', 'WEST BENGAL', 'KOLKATA', 'KOLKATA', '', 'CBIECS1955@GMAIL.COM', '', 'TANMAY', '2017-03-01 14:50:52'),
(105, 'CHAK PURULIA SKUS LTD', '1', '', '', '', 'DEBASISH ADHIKARY', 'WEST BENGAL', 'PURBA MIDNAPORE', '', '', '', '', 'ARITRA', '2017-02-18 09:54:48'),
(106, 'CHALK KULTALA SKUS LTD', '1', '', '', '', '', '', '', '', '', '', '', '', '2017-02-14 11:02:32'),
(107, 'CHAMPALI ANCHAL SKUS LTD', '1', '', '', '', 'ARGHYA MONDAL', 'WEST BENGAL', 'NORTH 24 PGS', '', '', '', '', 'ARITRA', '2017-02-18 09:56:14'),
(108, 'CHAMTA MADHABPUR SKUS LTD', '1', '', '', '', 'DEBASISH ADHIKARY', 'WEST BENGAL', 'BANKURA', '', '', '', '', 'ARITRA', '2017-02-18 09:56:49'),
(109, 'CHANDANPUR SKUS LTD', '1', '', '', '', '', '', '', '', '', '', '', '', '2017-02-14 11:02:32'),
(110, 'CHAPRA THANA AGRIL MARKETING CO-OP SOCIETY LTD', '1', '', '', '', '', '', '', '', '', '', '', '', '2017-02-14 11:02:32'),
(111, 'CHARIANANTPUR S.K.U.S LTD', '1', '', '', '', 'ARFI BILLAH MONDAL', 'WEST BENGAL', 'MALDAH', '', '', '', '', 'ARITRA', '2017-02-18 10:02:21'),
(112, 'CHARKA JANAKALYAN SKUS LTD', '1', '', '', '', '', '', '', '', '', '', '', '', '2017-02-14 11:02:32'),
(113, 'CHARUITIPI SKUS LTD', '1', '', '', '', '', '', '', '', '', '', '', '', '2017-02-14 11:02:32'),
(114, 'CHARUL KRISHNAPUR SKUS LTD', '1', '', '', '', '', '', '', '', '', '', '', '', '2017-02-14 11:02:32'),
(115, 'CHHINAMORE SKUS LTD', '1', '', '', '', 'SUBHADIP BANERJEE', 'WEST BENGAL', 'HOOGHLY', '', '', '', '', 'ARITRA', '2017-02-18 10:01:22'),
(116, 'CHOTAKHELNA SKUS LTD', '1', '', '', '', 'SUVENDU RAKSHIT', 'WEST BENGAL', 'PASCHIM MIDNAPORE', '', '', '', '', 'ARITRA', '2017-02-18 10:04:54'),
(117, 'CHOUDHURY CABINET', '1', '', '', '', '', '', '', '', '', '', '', '', '2017-02-14 11:02:32'),
(118, 'CHOWHATTA SKUS LTD', '1', '', '', '', 'DEBASISH ADHIKARY', 'WEST BENGAL', 'BIRBHUM', '', '', '', '', 'ARITRA', '2017-02-18 10:06:30'),
(119, 'CHUKANIPARA SKUS LTD', '1', '', '', '', 'ARFI BILLAH MONDAL', 'WEST BENGAL', 'JALPAIGURI', '', '', '', '', 'ARITRA', '2017-02-18 10:09:12'),
(120, 'CITIZEN URBAN C-OP BANK', '11', '', '', '', 'ABRC', 'SIKKIM', 'OTHERS', '', '', '', '', 'ARITRA', '2017-02-18 10:11:28'),
(121, 'CMAL\'S ECCS LTD', '1', '', '', '', '', '', '', '', '', '', '', '', '2017-02-14 11:02:32'),
(122, 'COAL MINES WORKER DEATH BENEFIT SOCIETY', '3', '', '', '', 'ABRC', 'WEST BENGAL', 'BURDWAN', '', '', '', '', 'ARITRA', '2017-02-18 10:14:47'),
(123, 'CONTAI CO OP. ARDB LTD', '5', '', '', '', 'DEBASISH ADHIKARY', 'WEST BENGAL', 'PURBA MIDNAPORE', '', '', '', '', 'ARITRA', '2017-02-18 10:15:23'),
(124, 'COOCHBEHAR CO-OP.ARDB', '5', '', '', '', 'DEBASISH ADHIKARY', 'WEST BENGAL', 'COOCHBEHAR', '', '', '', '', 'ARITRA', '2017-02-18 10:16:14'),
(125, 'COSYN LIMITED', '11', '', '', '', 'ABRC', 'WEST BENGAL', 'KOLKATA', '', '', '', '', 'ARITRA', '2017-02-18 10:17:05'),
(126, 'CSS TECHNERGY LTD', '11', '', '', '', 'ABRC', 'WEST BENGAL', 'KOLKATA', '', '', '', '', 'ARITRA', '2017-02-18 10:17:39'),
(127, 'CYBER INFOSYS', '13', 'SWAPAN MANNA', 'PROP', '', 'DEBASISH ADHIKARY', 'WEST BENGAL', 'PURBA MIDNAPORE', '', '', '', '', 'ARITRA', '2017-02-18 10:20:09'),
(128, 'DAHARBUINCHA G.P.S.K.U.S. LTD', '1', '', '', '', 'DEBASISH BERA', 'WEST BENGAL', 'NADIA', '', '', '', '', 'ARITRA', '2017-02-18 10:20:42'),
(129, 'DAISAI SKUS LTD', '1', '', '', '', 'NILKANTHA DAS', 'WEST BENGAL', 'PURBA MIDNAPORE', '', '', '', '', 'ARITRA', '2017-02-18 10:21:25'),
(130, 'DAKHINAPAN SHOP HOLDERD M. SOCIETY', '11', '', '', '', 'AMIT KR SINGH', 'WEST BENGAL', 'KOLKATA', '', '', '', '', 'ARITRA', '2017-02-18 10:22:01'),
(131, 'DAKHIN DINAJPUR ARDB', '5', '', '', '', 'DEBASISH ADHIKARY', 'WEST BENGAL', 'DAKHSHIN DINAJPUR', '', '', '', '', 'ARITRA', '2017-02-18 10:23:56'),
(132, 'DAKSHIN BARASAT SERVICE CO-OP SOCIETY LTD', '1', '', '', '', 'ABRC', 'WEST BENGAL', 'SOUTH 24 PGS', '', '', '', '', 'ARITRA', '2017-02-18 10:22:57'),
(133, 'DAKSHIN DINAJPUR DISTRICT CENTRAL CO-OP BANK LTD.', '1', '', '', '', '', '', '', '', '', '', '', '', '2017-02-14 11:02:32'),
(134, 'DALBAR G.S SKUS LTD', '1', '', '', '', 'DEBASISH ADHIKARY', 'WEST BENGAL', 'PURBA MIDNAPORE', '', '', '', '', 'ARITRA', '2017-02-18 10:28:25'),
(135, 'DALUIBAZAR UNION CO-OP AGRI. CREDIT SOCIETY LTD', '1', '', '', '', 'ARGHYA MONDAL', 'WEST BENGAL', 'BURDWAN', '', '', '', '', 'ARITRA', '2017-02-18 10:29:04'),
(136, 'DAMDAMA SKUS LTD', '1', '', '', '', 'ARFI BILLAH MONDAL', 'WEST BENGAL', 'DAKHSHIN DINAJPUR', '', '', '', '', 'ARITRA', '2017-02-18 10:29:42'),
(137, 'DANTAN (PUYAN) SKUS LTD', '1', '', '', '', 'SUVENDU RAKSHIT', 'WEST BENGAL', 'PASCHIM MIDNAPORE', '', '', '', '', 'ARITRA', '2017-02-18 10:30:29'),
(138, 'DARUKA SERVICE STATION', '11', '', '', '', 'AMIT KR SINGH', 'WEST BENGAL', 'BANKURA', '', '', '', '', 'ARITRA', '2017-02-18 10:35:43'),
(139, 'DAWAGURI SKUS LTD', '1', '', '', '', 'DEBASISH ADHIKARY', 'WEST BENGAL', 'COOCHBEHAR', '', '', '', '', 'ARITRA', '2017-02-18 10:36:12'),
(140, 'DAYING MALANCHA SKUS LTD', '1', '', '', '', '', '', '', '', '', '', '', '', '2017-02-14 11:02:32'),
(141, 'DEY PARA SKUS LTD', '1', '', '', '', 'ARGHYA MONDAL', 'WEST BENGAL', 'HOOGHLY', '', '', '', '', 'ARITRA', '2017-02-18 10:37:21'),
(142, 'DDD ARDB', '1', '', '', '', '', '', '', '', '', '', '', '', '2017-02-14 11:02:32'),
(143, 'DDDCCBL ( DAKSHIN DINAJPUR )', '1', '', '', '', '', '', '', '', '', '', '', '', '2017-02-14 11:02:32'),
(144, 'DEBIPUR UCACS LTD', '1', '', '', '', 'ARGHYA MONDAL', 'WEST BENGAL', 'BURDWAN', '', '', '', '', 'ARITRA', '2017-02-18 10:42:21'),
(145, 'DEBJANI BARDHAN', '1', '', '', '', '', '', '', '', '', '', '', '', '2017-02-14 11:02:32'),
(146, 'DEORAH SKUS LTD', '1', '', '', '', '', '', '', '', '', '', '', '', '2017-02-14 11:02:32'),
(147, 'DESHBANDHU SEVA SKUS LTD', '1', '', '', '', 'SUVENDU RAKSHIT', 'WEST BENGAL', 'HOWRAH', '', '', '', '', 'ARITRA', '2017-02-18 10:41:35'),
(148, 'DESHBONDHU SKUS LTD (JALPAIGURI)', '1', '', '', '', 'ARFI BILLAH MONDAL', 'WEST BENGAL', 'JALPAIGURI', '', '', '', '', 'ARITRA', '2017-02-18 10:40:41'),
(149, 'DESHRA LS PCAC SOCIETY LTD', '1', '', '', '', 'NILKANTHA DAS', 'WEST BENGAL', 'BANKURA', '', '', '', '', 'ARITRA', '2017-02-18 10:40:14'),
(150, 'DESHRA SPCAC SOCIETY LTD', '1', '', '', '', '', '', '', '', '', '', '', '', '2017-02-14 11:02:32'),
(151, 'DEULIA SKUS LTD', '1', '', '', '', 'SUVENDU RAKSHIT', 'WEST BENGAL', 'PURBA MIDNAPORE', '', '', '', '', 'ARITRA', '2017-02-18 10:43:56'),
(152, 'DEVAM COMPUTECH', '1', '', '', '', '', '', '', '', '', '', '', '', '2017-02-14 11:02:32'),
(153, 'DEY PARA SKUS LTD', '1', '', '', '', '', '', '', '', '', '', '', '', '2017-02-14 11:02:32'),
(154, 'DHAMASIN & MULTI SKUS LTD', '1', '', '', '', 'DEBASISH ADHIKARY', 'WEST BENGAL', 'HOOGHLY', '', '', '', '', 'ARITRA', '2017-02-18 10:44:48'),
(155, 'DHARAMPUR ANCHAL SKUS LTD', '1', '', '', '', 'ARFI BILLAH MONDAL', 'WEST BENGAL', 'MALDAH', '', '', '', '', 'ARITRA', '2017-02-18 10:45:32'),
(156, 'DILKANTHI SKUS LTD', '1', '', '', '', 'ARFI BILLAH MONDAL', 'WEST BENGAL', 'UTTAR DINAJPUR', '', '', '', '', 'ARITRA', '2017-02-18 10:46:25'),
(157, 'DINGAKHOLA SKUS LTD', '1', '', '', '', 'SUVENDU RAKSHIT', 'WEST BENGAL', 'HOWRAH', '', '', '', '', 'ARITRA', '2017-02-18 10:47:25'),
(158, 'DISHA INDIA CAR PARKING SERVICE', '1', '', '', '', 'AMIT KR SINGH', 'WEST BENGAL', 'KOLKATA', '', '', '', '', 'ARITRA', '2017-02-18 10:48:03'),
(159, 'DOPUKURIA K.U.O.J.K.S.S.LTD', '1', '', '', '', 'DEBASISH BERA', 'WEST BENGAL', 'MURSHIDABAD', '', '', '', '', 'ARITRA', '2017-02-18 10:48:34'),
(160, 'DREAM CRETION', '1', '', '', '', '', '', '', '', '', '', '', '', '2017-02-14 11:02:32'),
(161, 'DRMS LARGE SIXED MULTIPURPOSE CO-OP SOCIETY LTD', '6', '', '', '', 'DEBASISH ADHIKARY', 'WEST BENGAL', 'BANKURA', '', '', '', '', 'ARITRA', '2017-02-18 10:49:22'),
(162, 'DUBIRBHARI SKUS LTD', '1', '', '', '', '', '', '', '', '', '', '', '', '2017-02-14 11:02:32'),
(163, 'DURGAPUR BAILANI DHARAMBERI SKUS', '1', '', '', '', 'SUBHADIP BANERJEE', 'WEST BENGAL', 'SOUTH 24 PGS', '', '', '', '', 'ARITRA', '2017-02-18 10:51:39'),
(164, 'DURGAPUR PROJECTEMPLOYEE CO-OP CREDIT SOCITY LTD', '3', '', '', '', 'DEBASISH ADHIKARY', 'WEST BENGAL', 'BURDWAN', '', '', '', '', 'ARITRA', '2017-02-18 10:53:45'),
(165, 'DURGAPUR PROJECT EMPLOYEES CO-OP. SO LTD', '3', '', '', '', 'DEBASISH ADHIKARY', 'WEST BENGAL', 'BURDWAN', '', '', '', '', 'ARITRA', '2017-02-18 10:54:49'),
(166, 'DURGA PUR UTTAR ANCHAL SKUS LTD', '1', '', '', '', 'ARGHYA MONDAL', 'WEST BENGAL', 'BURDWAN', '', '', '', '', 'ARITRA', '2017-02-18 10:55:41'),
(167, 'DUTTPUR AMBAY POLLYO.K.U.S.I', '1', '', '', '', 'ARGHYA MONDAL', 'WEST BENGAL', 'BURDWAN', '', '', '', '', 'ARITRA', '2017-02-18 10:57:06'),
(168, 'DYAMORGACHA SKUS LTD', '1', '', '', '', '', '', '', '', '', '', '', '', '2017-02-14 11:02:32'),
(169, 'DYNAMIC SOLUTION', '1', '', '', '', '', '', '', '', '', '', '', '', '2017-02-14 11:02:32'),
(170, 'EAST BELSURE SKUS LTD', '1', '', '', '', '', '', '', '', '', '', '', '', '2017-02-14 11:02:32'),
(171, 'EAST INDIA PHARMACEUTICAL WORKS LTD', '1', '', '', '', '', '', '', '', '', '', '', '', '2017-02-14 11:02:32'),
(172, 'EAST & NORTH EAST FRONTIER RAILWAY', '1', '', '', '', '', '', '', '', '', '', '', '', '2017-02-14 11:02:32'),
(173, 'EESHAN HOMES MARKETING PVT.LTD', '1', '', '', '', '', '', '', '', '', '', '', '', '2017-02-14 11:02:32'),
(174, 'EKTIASAL SKUS LTD', '1', '', '', '', '', '', '', '', '', '', '', '', '2017-02-14 11:02:32'),
(175, 'EMDEE DIGITRONICS PVT LTD', '1', '', '', '', '', '', '', '', '', '', '', '', '2017-02-14 11:02:32'),
(176, 'E PROCESS HOUSE', '1', '', '', '', '', '', '', '', '', '', '', '', '2017-02-14 11:02:32'),
(177, 'EUPHORIA INFOTECH (I) PVT LTD', '1', '', '', '', '', '', '', '', '', '', '', '', '2017-02-14 11:02:32'),
(178, 'FARIDPUR SKUS LTD', '1', '', '', '', '', '', '', '', '', '', '', '', '2017-02-14 11:02:32'),
(179, 'FEE CAR PARKING EMPLOYEES CO-OP SO. LTD', '1', '', '', '', '', '', '', '', '', '', '', '', '2017-02-14 11:02:32'),
(180, 'GACHINAGAR SKUS LTD', '1', '', '', '', '', '', '', '', '', '', '', '', '2017-02-14 11:02:32'),
(181, 'GADKHALI SKUS LTD', '1', '', '', '', '', '', '', '', '', '', '', '', '2017-02-14 11:02:32'),
(182, 'GAGANDHULI SCS', '1', '', '', '', '', '', '', '', '', '', '', '', '2017-02-14 11:02:32'),
(183, 'GAMIDYA DUGDHESHAWAR SKUS LTD', '1', '', '', '', '', '', '', '', '', '', '', '', '2017-02-14 11:02:32'),
(184, 'GANESHNAGAR SKUS LTD', '1', '', '', '', '', '', '', '', '', '', '', '', '2017-02-14 11:02:32'),
(185, 'GANGURIA SKUS LTD', '1', '', '', '', '', '', '', '', '', '', '', '', '2017-02-14 11:02:32'),
(186, 'GARIA ALOR SANDHANE', '1', '', '', '', '', '', '', '', '', '', '', '', '2017-02-14 11:02:32'),
(187, 'GARIAHAT FEE CAR PARKING CO-OP SOCIETY LTD', '1', '', '', '', '', '', '', '', '', '', '', '', '2017-02-14 11:02:32'),
(188, 'GAZNA SKUS LTD', '1', '', '', '', '', '', '', '', '', '', '', '', '2017-02-14 11:02:32'),
(189, 'GENERAL INSURANCE EMP.CO-OP.CREDIT S. LTD', '1', '', '', '', '', '', '', '', '', '', '', '', '2017-02-14 11:02:32'),
(190, 'GHATAL CO-OP.ARDB LTD', '1', '', '', '', '', '', '', '', '', '', '', '', '2017-02-14 11:02:32'),
(191, 'GHATAL PEOPLES CO-OP. BANK LTD', '1', '', '', '', '', '', '', '', '', '', '', '', '2017-02-14 11:02:32'),
(192, 'GIDHAGRAM SKUS LTD', '1', '', '', '', '', '', '', '', '', '', '', '', '2017-02-14 11:02:32'),
(193, 'GITANJALI FEE CAR PARKING CO-OP SO. LTD', '1', '', '', '', '', '', '', '', '', '', '', '', '2017-02-14 11:02:32'),
(194, 'GOBARHARA SKUS LTD', '1', '', '', '', '', '', '', '', '', '', '', '', '2017-02-14 11:02:32'),
(195, 'GOBINDPUR SKUS LTD', '1', '', '', '', '', '', '', '', '', '', '', '', '2017-02-14 11:02:32'),
(196, 'GOBRAPOTA KHANPUR SKUS', '1', '', '', '', '', '', '', '', '', '', '', '', '2017-02-14 11:02:32'),
(197, 'GOBRU SKUS LTD', '1', '', '', '', '', '', '', '', '', '', '', '', '2017-02-14 11:02:32'),
(198, 'GOKHURI SKUS LTD', '1', '', '', '', '', '', '', '', '', '', '', '', '2017-02-14 11:02:32'),
(199, 'GOLATIA SKUS LTD', '1', '', '', '', '', '', '', '', '', '', '', '', '2017-02-14 11:02:32'),
(200, 'GOPA GRAM SKUS LTD', '1', '', '', '', '', '', '', '', '', '', '', '', '2017-02-14 11:02:32'),
(201, 'GOPALPUR DANANJOY SKUS LTD', '1', '', '', '', '', '', '', '', '', '', '', '', '2017-02-14 11:02:32'),
(202, 'GOPAL PUR SKUS LTD', '1', '', '', '', '', '', '', '', '', '', '', '', '2017-02-14 11:02:32'),
(203, 'GOPALPUR SKUS LTD (HOOGHLY)', '1', '', '', '', '', '', '', '', '', '', '', '', '2017-02-14 11:02:32'),
(204, 'GOPAL PUR SKUS LTD (NEW)MALDA', '1', '', '', '', '', '', '', '', '', '', '', '', '2017-02-14 11:02:32'),
(205, 'GOPE-GANTAR UCACS LTD', '1', '', '', '', '', '', '', '', '', '', '', '', '2017-02-14 11:02:32'),
(206, 'GOUR WOMEN\'S CO-OP CREDIT SOCIETY LTD', '1', '', '', '', '', '', '', '', '', '', '', '', '2017-02-14 11:02:32'),
(207, 'GUINANDI SKUS LTD', '1', '', '', '', '', '', '', '', '', '', '', '', '2017-02-14 11:02:32'),
(208, 'GUNJA SKUS LTD', '1', '', '', '', '', '', '', '', '', '', '', '', '2017-02-14 11:02:32'),
(209, 'GUPTIPARA ANCHAL SKUS LTD', '1', '', '', '', '', '', '', '', '', '', '', '', '2017-02-14 11:02:32'),
(210, 'GURIARPAR SKUS LTD', '1', '', '', '', '', '', '', '', '', '', '', '', '2017-02-14 11:02:32'),
(211, 'GUSKARA SKUS LTD', '1', '', '', '', '', '', '', '', '', '', '', '', '2017-02-14 11:02:32'),
(212, 'HALDIPARA O GAYESH GP SKUS LTD', '1', '', '', '', '', '', '', '', '', '', '', '', '2017-02-14 11:02:32'),
(213, 'HALLO INFOTECH PVT LTD', '1', '', '', '', '', '', '', '', '', '', '', '', '2017-02-14 11:02:32'),
(214, 'HANCHARA UTTAR PURBA BM SKUS', '1', '', '', '', '', '', '', '', '', '', '', '', '2017-02-14 11:02:32'),
(215, 'HARINARAYANPUR SKUS LTD', '1', '', '', '', '', '', '', '', '', '', '', '', '2017-02-14 11:02:32'),
(216, 'HARIPUR SKUS LTD', '1', '', '', '', '', '', '', '', '', '', '', '', '2017-02-14 11:02:32'),
(217, 'HASANPUR KAZIPARA SKUS LTD', '1', '', '', '', '', '', '', '', '', '', '', '', '2017-02-14 11:02:32'),
(218, 'HATARI SKUS LTD', '1', '', '', '', '', '', '', '', '', '', '', '', '2017-02-14 11:02:32'),
(219, 'HATGACHI SKUS LTD', '1', '', '', '', '', '', '', '', '', '', '', '', '2017-02-14 11:02:32'),
(220, 'HEWLETT PACKARD FININCIAL SERVICES INDIA PVT.LTD', '1', '', '', '', '', '', '', '', '', '', '', '', '2017-02-14 11:02:32'),
(221, 'HINDUSTHAN HEALTH POINT HOSPITAL', '1', '', '', '', '', '', '', '', '', '', '', '', '2017-02-14 11:02:32'),
(222, 'HINGALGANJ SERERATI SKUS LTD', '1', '', '', '', '', '', '', '', '', '', '', '', '2017-02-14 11:02:32'),
(223, 'HIRA FEE CAR PARKING CO-OP SOCIETY LTD', '1', '', '', '', '', '', '', '', '', '', '', '', '2017-02-14 11:02:32'),
(224, 'HOSSAINPUR SKUS LTD', '1', '', '', '', '', '', '', '', '', '', '', '', '2017-02-14 11:02:32'),
(225, 'HOWRAH ARDB', '1', '', '', '', '', '', '', '', '', '', '', '', '2017-02-14 11:02:32'),
(226, 'HOWRAH IMPROVEMENT TRUST EMPLOYEES CCS LTD', '1', '', '', '', '', '', '', '', '', '', '', '', '2017-02-14 11:02:32'),
(227, 'HURINAN SKUS LTD', '1', '', '', '', '', '', '', '', '', '', '', '', '2017-02-14 11:02:32'),
(228, 'ILLAM BAZAR GRAM PANCHYAT', '1', '', '', '', '', '', '', '', '', '', '', '', '2017-02-14 11:02:32'),
(229, 'INDIAN CONSTRUCTIONS CO-OP FEDERATION', '1', '', '', '', '', '', '', '', '', '', '', '', '2017-02-14 11:02:32'),
(230, 'INFRAVISION DEVELOPERS LLP.', '1', '', '', '', '', '', '', '', '', '', '', '', '2017-02-14 11:02:32'),
(231, 'ISGP PROJECT (GOVT OF WB )', '1', '', '', '', '', '', '', '', '', '', '', '', '2017-02-14 11:02:32'),
(232, 'ISLAMPUR MAHILA CREDIT CO-OP SOCIETY LTD', '1', '', '', '', '', '', '', '', '', '', '', '', '2017-02-14 11:02:32'),
(233, 'JADAV PUR WHOLE SALE', '1', '', '', '', '', '', '', '', '', '', '', '', '2017-02-14 11:02:32'),
(234, 'JAGANATHBATI SKUS LTD (BALURGHAT )', '1', '', '', '', '', '', '', '', '', '', '', '', '2017-02-14 11:02:32'),
(235, 'JAGANATH DISTRIBUTORS', '1', '', '', '', '', '', '', '', '', '', '', '', '2017-02-14 11:02:32'),
(236, 'JAGATBALLAV PUR ANCHAL SKUS LTD', '1', '', '', '', '', '', '', '', '', '', '', '', '2017-02-14 11:02:32'),
(237, 'JAGIBANPUR SKUS LTD', '1', '', '', '', '', '', '', '', '', '', '', '', '2017-02-14 11:02:32'),
(238, 'JAGNATHBATI SKUS LTD', '1', '', '', '', '', '', '', '', '', '', '', '', '2017-02-14 11:02:32'),
(239, 'JAGULIA SKUS LTD', '1', '', '', '', '', '', '', '', '', '', '', '', '2017-02-14 11:02:32'),
(240, 'JAHANGIRPUR SKUS LTD', '1', '', '', '', '', '', '', '', '', '', '', '', '2017-02-14 11:02:32'),
(241, 'JALSERIA SKUS LTD', '1', '', '', '', '', '', '', '', '', '', '', '', '2017-02-14 11:02:32'),
(242, 'JAMALPARA UMARHATI SKUS LTD', '1', '', '', '', '', '', '', '', '', '', '', '', '2017-02-14 11:02:32'),
(243, 'JAMAR SKUS LTD', '1', '', '', '', '', '', '', '', '', '', '', '', '2017-02-14 11:02:32'),
(244, 'JAMITYA SKUS LTD', '1', '', '', '', '', '', '', '', '', '', '', '', '2017-02-14 11:02:32'),
(245, 'JAMSHEDPUR URBAN CO-OPERATIVE', '1', '', '', '', '', '', '', '', '', '', '', '', '2017-02-14 11:02:32'),
(246, 'JANAKALYAN CO-OP.CREDIT SOCIETY', '2', 'BARIN DAS', 'COMPUTER ADMIN', '8100666177', 'SUBHODEEP BANERJEE', 'WEST BENGAL', 'NORTH 24 PGS', 'HRIDAYPUR,\r\nBARASAT', '', 'JCCS.HRS@GMAIL.COM', '', 'TANMAY', '2017-03-01 12:30:21'),
(247, 'JANASEVA CO-OP.C.S. LTD', '1', '', '', '', '', '', '', '', '', '', '', '', '2017-02-14 11:02:32'),
(248, 'JANATA URBAN CREDIT CO-OP SOCIETY LTD', '1', '', '', '', '', '', '', '', '', '', '', '', '2017-02-14 11:02:32'),
(249, 'JANATA URBAN CREDIT CO-OP SOCIETY LTD (2)', '1', '', '', '', '', '', '', '', '', '', '', '', '2017-02-14 11:02:32'),
(250, 'JANGALPUR INFRASTRUCTURE MEINTENANCE ASSO.', '1', '', '', '', '', '', '', '', '', '', '', '', '2017-02-14 11:02:32'),
(251, 'JARURA SKUS LTD', '1', '', '', '', '', '', '', '', '', '', '', '', '2017-02-14 11:02:32'),
(252, 'JHOKURKUL SKUS LTD', '1', '', '', '', '', '', '', '', '', '', '', '', '2017-02-14 11:02:32'),
(253, 'JIABANDI SKUS LTD', '1', '', '', '', '', '', '', '', '', '', '', '', '2017-02-14 11:02:32'),
(254, 'JOGESHGANJ SKUS LTD', '1', '', '', '', '', '', '', '', '', '', '', '', '2017-02-14 11:02:32'),
(255, 'JOGESHGANJ SKUS LTD (N24 PGS)', '1', '', '', '', '', '', '', '', '', '', '', '', '2017-02-14 11:02:32'),
(256, 'JOKHIRAM DURGADUTT', '1', '', '', '', '', '', '', '', '', '', '', '', '2017-02-14 11:02:32'),
(257, 'JOYPUR S.K.U.S. LTD', '1', '', '', '', '', '', '', '', '', '', '', '', '2017-02-14 11:02:32'),
(258, 'JUBILEE CAR PARKING SERVICING & CONTRU.CO-OP', '1', '', '', '', '', '', '', '', '', '', '', '', '2017-02-14 11:02:32'),
(259, 'KACHUA SKUS LTD', '1', '', '', '', '', '', '', '', '', '', '', '', '2017-02-14 11:02:32'),
(260, 'KAIKALA ICHHAPUR SKUS LTD', '1', '', '', '', '', '', '', '', '', '', '', '', '2017-02-14 11:02:32'),
(261, 'KAJU PETROL SUPPLY CO.', '1', '', '', '', '', '', '', '', '', '', '', '', '2017-02-14 11:02:32'),
(262, 'KAKDWIP LS SKUS', '1', '', '', '', '', '', '', '', '', '', '', '', '2017-02-14 11:02:32'),
(263, 'KALIBARI SKUS LTD', '1', '', '', '', '', '', '', '', '', '', '', '', '2017-02-14 11:02:32'),
(264, 'KAMAL SKUS LTD', '1', '', '', '', '', '', '', '', '', '', '', '', '2017-02-14 11:02:32'),
(265, 'KAMTESWARI SEBA SKUS LTD', '1', '', '', '', '', '', '', '', '', '', '', '', '2017-02-14 11:02:32'),
(266, 'KANAIPUR CCS', '2', 'SURAJIT DAS', 'MANAGER', '8961328617', 'DEBASISH ADIKARY', 'WEST BENGAL', 'HOOGHLY', 'KANAIPUR,\r\nHOOGLY', '', 'KCCSL.2011@GMAIL.COM', '', 'TANMAY', '2017-03-01 14:47:53'),
(267, 'KANGOI DOGERIA SKUS LTD', '1', '', '', '', '', '', '', '', '', '', '', '', '2017-02-14 11:02:32'),
(268, 'KANJIALSHI SKUS LTD', '1', '', '', '', '', '', '', '', '', '', '', '', '2017-02-14 11:02:32'),
(269, 'KANKSA LARGE SIZED MULTIPURPOSE CO-OP SOCIETY LTD', '1', '', '', '', '', '', '', '', '', '', '', '', '2017-02-14 11:02:32'),
(270, 'KARAJGRAM SKUS LTD', '1', '', '', '', '', '', '', '', '', '', '', '', '2017-02-14 11:02:32'),
(271, 'KARICHA UKLY SKUS LTD', '1', '', '', '', '', '', '', '', '', '', '', '', '2017-02-14 11:02:32'),
(272, 'KASHIARA PALLY SKUS LTD', '1', '', '', '', '', '', '', '', '', '', '', '', '2017-02-14 11:02:32'),
(273, 'KASHIPUR SKUS LTD', '1', '', '', '', '', '', '', '', '', '', '', '', '2017-02-14 11:02:32'),
(274, 'KASHIPUR WELFARE SOCIETY', '1', '', '', '', '', '', '', '', '', '', '', '', '2017-02-14 11:02:32'),
(275, 'KASHMOLI SKUS LTD', '1', '', '', '', '', '', '', '', '', '', '', '', '2017-02-14 11:02:32'),
(276, 'KATWA KALNA ARDB', '1', '', '', '', '', '', '', '', '', '', '', '', '2017-02-14 11:02:32'),
(277, 'KAUGACHI SKUS LTD', '1', '', '', '', '', '', '', '', '', '', '', '', '2017-02-14 11:02:32'),
(278, 'KAZISAHA SKUS LTD', '1', '', '', '', '', '', '', '', '', '', '', '', '2017-02-14 11:02:32'),
(279, 'K.B. ASSOCIATES', '1', '', '', '', '', '', '', '', '', '', '', '', '2017-02-14 11:02:32'),
(280, 'KESHIA - KADRA SKUS LTD', '1', '', '', '', '', '', '', '', '', '', '', '', '2017-02-14 11:02:32'),
(281, 'KETGRAM THANA AGRI. MARKETING CO-OP SO. LTD', '1', '', '', '', '', '', '', '', '', '', '', '', '2017-02-14 11:02:32'),
(282, 'KHAGRABARI SKUS LTD (COOCHBEHAR)', '1', '', '', '', '', '', '', '', '', '', '', '', '2017-02-14 11:02:32'),
(283, 'KHAGRABARI SKUS LTD (JALPAIGURI )', '1', '', '', '', '', '', '', '', '', '', '', '', '2017-02-14 11:02:32'),
(284, 'KHARUI GATHRA SKUS LTD', '1', '', '', '', '', '', '', '', '', '', '', '', '2017-02-14 11:02:32'),
(285, 'KHODABANDPURSKUS LTD', '1', '', '', '', '', '', '', '', '', '', '', '', '2017-02-14 11:02:32'),
(286, 'K.JANA & ASSOCIATES (S/D)', '1', '', '', '', '', '', '', '', '', '', '', '', '2017-02-14 11:02:32'),
(287, 'KMC', '1', '', '', '', '', '', '', '', '', '', '', '', '2017-02-14 11:02:32'),
(288, 'KMDA EMPLOYEES CO-OP CR. SOC. LTD', '1', '', '', '', '', '', '', '', '', '', '', '', '2017-02-14 11:02:32'),
(289, 'KOACHMAIL BORAGORI SKUS LTD', '1', '', '', '', '', '', '', '', '', '', '', '', '2017-02-14 11:02:32'),
(290, 'KOLKATA ASANSOL ROADWAYS', '1', '', '', '', '', '', '', '', '', '', '', '', '2017-02-14 11:02:32'),
(291, 'KOLKATA FEE CAR PARKING CO-OP SOCIETY PVT LTD', '1', '', '', '', '', '', '', '', '', '', '', '', '2017-02-14 11:02:32'),
(292, 'KRISHNANAGAR SKUS LTD (MALDA)', '1', '', '', '', '', '', '', '', '', '', '', '', '2017-02-14 11:02:32'),
(293, 'KSP ADVISORY PVT LTD(S/D)', '1', '', '', '', '', '', '', '', '', '', '', '', '2017-02-14 11:02:32'),
(294, 'KULGACHI SKUS LTD', '1', '', '', '', '', '', '', '', '', '', '', '', '2017-02-14 11:02:32'),
(295, 'KULGACHI SKUS LTD(HOOGHLY)', '1', '', '', '', '', '', '', '', '', '', '', '', '2017-02-14 11:02:32'),
(296, 'KULJURA SKUS LTD', '1', '', '', '', '', '', '', '', '', '', '', '', '2017-02-14 11:02:32'),
(297, 'KULUT SKUS LTD', '1', '', '', '', '', '', '', '', '', '', '', '', '2017-02-14 11:02:32'),
(298, 'KUMAR JAL SKUS LTD', '1', '', '', '', '', '', '', '', '', '', '', '', '2017-02-14 11:02:32'),
(299, 'KUSHBERIA SKUS LTD', '1', '', '', '', '', '', '', '', '', '', '', '', '2017-02-14 11:02:32'),
(300, 'KUSHTORA SKUS LTD', '1', '', '', '', '', '', '', '', '', '', '', '', '2017-02-14 11:02:32'),
(301, 'LAKE MARKET FEE CAR PARKING CO-OP SO. LTD', '1', '', '', '', '', '', '', '', '', '', '', '', '2017-02-14 11:02:32'),
(302, 'LASKARPUR GRAM SKUS LTD', '1', '', '', '', '', '', '', '', '', '', '', '', '2017-02-14 11:02:32'),
(303, 'LAYER SKUS LTD', '1', '', '', '', '', '', '', '', '', '', '', '', '2017-02-14 11:02:32'),
(304, 'LIFE GUARD', '1', '', '', '', '', '', '', '', '', '', '', '', '2017-02-14 11:02:32'),
(305, 'LIQUIDATOR - BARANAGAR CO-OP BANK', '1', '', '', '', '', '', '', '', '', '', '', '', '2017-02-14 11:02:32'),
(306, 'LOHIA JUTE PRESS PVT LTD', '1', '', '', '', '', '', '', '', '', '', '', '', '2017-02-14 11:02:32'),
(307, 'MAA RATANTI KALI MATA COLD STORAGE PVT LTD', '1', '', '', '', '', '', '', '', '', '', '', '', '2017-02-14 11:02:32'),
(308, 'MACHNEILL ENGINEERING LTD', '1', '', '', '', '', '', '', '', '', '', '', '', '2017-02-14 11:02:32'),
(309, 'MADAPUR SKUS LTD', '1', '', '', '', '', '', '', '', '', '', '', '', '2017-02-14 11:02:32'),
(310, 'MADNABATI SKUS LTD', '1', '', '', '', '', '', '', '', '', '', '', '', '2017-02-14 11:02:32'),
(311, 'MADPUR SKUS LTD', '1', '', '', '', '', '', '', '', '', '', '', '', '2017-02-14 11:02:32'),
(312, 'MADRAL NARAYANPUR UNION CO-OPERATIVE CREDIT SOCIETY', '2', 'HARI DUTTA', 'SECRETARY', '9143394119', 'DEBASISH ADHIKARY', 'WEST BENGAL', 'NORTH 24 PGS', 'MADRAL NARAYANPUR\r\nKAKINARA\r\nPANCHYAT OFFICE', '', '', '', 'TANMOY', '2017-03-02 08:54:45'),
(313, 'MADYA NARATHALI SKUS LTD', '1', '', '', '', '', '', '', '', '', '', '', '', '2017-02-14 11:02:32'),
(314, 'MAGA CALIBRE ENTERPRISE PVT LTD', '1', '', '', '', '', '', '', '', '', '', '', '', '2017-02-14 11:02:32'),
(315, 'MAHALAXMI SKUS LTD', '1', '', '', '', '', '', '', '', '', '', '', '', '2017-02-14 11:02:32'),
(316, 'MAHISKUCHI SKUS LTD', '1', '', '', '', '', '', '', '', '', '', '', '', '2017-02-14 11:02:32'),
(317, 'MAJDIA SKUS LTD', '1', '', '', '', '', '', '', '', '', '', '', '', '2017-02-14 11:02:32'),
(318, 'MAKARDAH CO-OP CREDIT SOCITY LTD', '2', 'BIBHAS CHAKRABORTY', 'MANAGER', '9051153016', 'DEBASISH ADHIKARY', 'WEST BENGAL', 'HOWRAH', 'MAKARDAH\r\nDOMJUR', '', '', '', 'TANMAY', '2017-03-01 12:32:02'),
(319, 'MALANCHA(B) SKUS LTD.', '1', '', '', '', '', '', '', '', '', '', '', '', '2017-02-14 11:02:32'),
(320, 'MALDA CO-OP ARDB LTD', '1', '', '', '', '', '', '', '', '', '', '', '', '2017-02-14 11:02:32'),
(321, 'MALDA CO-OP URBAN BANK LTD', '1', '', '', '', '', '', '', '', '', '', '', '', '2017-02-14 11:02:32'),
(322, 'MAMJOAN O HATISHALA GRAM PSKUS', '1', '', '', '', '', '', '', '', '', '', '', '', '2017-02-14 11:02:32'),
(323, 'MANASH MUKHERJEE', '1', '', '', '', '', '', '', '', '', '', '', '', '2017-02-14 11:02:32'),
(324, 'MANDAPARA SKUS LTD', '1', '', '', '', '', '', '', '', '', '', '', '', '2017-02-14 11:02:32'),
(325, 'MANDARAM SKUS LTD', '1', '', '', '', '', '', '', '', '', '', '', '', '2017-02-14 11:02:32'),
(326, 'MANGAL STEEL ENTERPRISES LTD', '1', '', '', '', '', '', '', '', '', '', '', '', '2017-02-14 11:02:32'),
(327, 'MARGARET TEA STATE CO-OP SOCIETY LTD', '1', '', '', '', '', '', '', '', '', '', '', '', '2017-02-14 11:02:32'),
(328, 'MARUGANJ SKUS LTD', '1', '', '', '', '', '', '', '', '', '', '', '', '2017-02-14 11:02:32'),
(329, 'MASTAFAPUR SKUS LTD', '1', '', '', '', '', '', '', '', '', '', '', '', '2017-02-14 11:02:32'),
(330, 'MD.ABUL KALAM AZAD', '1', '', '', '', '', '', '', '', '', '', '', '', '2017-02-14 11:02:32'),
(331, 'MEGA CALIBRE ENTERPRISE PVT. LTD.', '1', '', '', '', '', '', '', '', '', '', '', '', '2017-02-14 11:02:32'),
(332, 'MEMARI COLLEGE', '1', '', '', '', '', '', '', '', '', '', '', '', '2017-02-14 11:02:32'),
(333, 'MICROVIEWS INFOSYSTEMS PVT. LTD', '1', '', '', '', '', '', '', '', '', '', '', '', '2017-02-14 11:02:32'),
(334, 'MITHANI COL. ECCS LTD', '1', '', '', '', '', '', '', '', '', '', '', '', '2017-02-14 11:02:32'),
(335, 'MOBARAKPUR SKUS LTD', '1', '', '', '', '', '', '', '', '', '', '', '', '2017-02-14 11:02:32'),
(336, 'MOHAL SHIBHAK SKUS LTD', '1', '', '', '', '', '', '', '', '', '', '', '', '2017-02-14 11:02:32'),
(337, 'MOLANIGANCH SKUS LTD', '1', '', '', '', '', '', '', '', '', '', '', '', '2017-02-14 11:02:32'),
(338, 'MORHAL SHIV CHAK', '1', '', '', '', '', '', '', '', '', '', '', '', '2017-02-14 11:02:32'),
(339, 'M/S BLUE MOON ENTERPRISE', '1', '', '', '', '', '', '', '', '', '', '', '', '2017-02-14 11:02:32'),
(340, 'M/S JAI MATA DEE HIGHWAY AUTO SERVICE', '1', '', '', '', '', '', '', '', '', '', '', '', '2017-02-14 11:02:32'),
(341, 'MUKTI WORLD', '1', '', '', '', '', '', '', '', '', '', '', '', '2017-02-14 11:02:32'),
(342, 'MUKUNDAPUR SKUS LTD', '1', '', '', '', '', '', '', '', '', '', '', '', '2017-02-14 11:02:32'),
(343, 'MUNDAPARA SKUS LTD', '1', '', '', '', '', '', '', '', '', '', '', '', '2017-02-14 11:02:32'),
(344, 'MUNDUKHOLA BAKSAGARH S. K. U. S. LTD.', '1', '', '', '', '', '', '', '', '', '', '', '', '2017-02-14 11:02:32'),
(345, 'MURARISHA DK PARA SKUS LTD', '1', '', '', '', '', '', '', '', '', '', '', '', '2017-02-14 11:02:32'),
(346, 'NABADWIP CO-OPERATIVE', '1', '', '', '', '', '', '', '', '', '', '', '', '2017-02-14 11:02:32'),
(347, 'NABAGRAM SKUS LTD', '1', '', '', '', '', '', '', '', '', '', '', '', '2017-02-14 11:02:32'),
(348, 'NADIA DIST. SETTLEMENT ECCS LTD', '1', '', '', '', '', '', '', '', '', '', '', '', '2017-02-14 11:02:32'),
(349, 'NAFARGANJ SKUS LTD', '1', '', '', '', '', '', '', '', '', '', '', '', '2017-02-14 11:02:32'),
(350, 'NANDAKURIA SKUS LTD', '1', '', '', '', '', '', '', '', '', '', '', '', '2017-02-14 11:02:32'),
(351, 'NANDINADAHA SKUS LTD', '1', '', '', '', '', '', '', '', '', '', '', '', '2017-02-14 11:02:32'),
(352, 'NANDINGRAM SKUS LTD', '1', '', '', '', '', '', '', '', '', '', '', '', '2017-02-14 11:02:32'),
(353, 'NARICHA SKUS LTD', '1', '', '', '', '', '', '', '', '', '', '', '', '2017-02-14 11:02:32'),
(354, 'NARMA SKUS LTD', '1', '', '', '', '', '', '', '', '', '', '', '', '2017-02-14 11:02:32'),
(355, 'NATIONAL INSURANCE EMPLOYEE\'S CO-OP.CREDIT', '1', '', '', '', '', '', '', '', '', '', '', '', '2017-02-14 11:02:32'),
(356, 'NEDHU DHAMSAI SKUS LTD', '1', '', '', '', '', '', '', '', '', '', '', '', '2017-02-14 11:02:32'),
(357, 'NETAJI SKUS LTD', '1', '', '', '', '', '', '', '', '', '', '', '', '2017-02-14 11:02:32'),
(358, 'NEW FEE CAR PARKING CO-OP SOCIETY LTD', '1', '', '', '', '', '', '', '', '', '', '', '', '2017-02-14 11:02:32'),
(359, 'NEW KOLKATA FEE CAR PARKINK CO-OP SO.', '1', '', '', '', '', '', '', '', '', '', '', '', '2017-02-14 11:02:32'),
(360, 'NIGHTINGLE FEE CAR PARKING SAMABAY SAMITY LTD', '1', '', '', '', '', '', '', '', '', '', '', '', '2017-02-14 11:02:32'),
(361, 'NINAKURI NON AGRI CO-OPERATIVE CREDIT SOCIETY LTD', '1', '', '', '', '', '', '', '', '', '', '', '', '2017-02-14 11:02:32'),
(362, 'NISCHINTA PUR SKUS LTD', '1', '', '', '', '', '', '', '', '', '', '', '', '2017-02-14 11:02:32'),
(363, 'NITYANANDA MITRA', '1', '', '', '', '', '', '', '', '', '', '', '', '2017-02-14 11:02:32'),
(364, 'NITYANANDA PUR BALGONA FACES LTD', '1', '', '', '', '', '', '', '', '', '', '', '', '2017-02-14 11:02:32'),
(365, 'NORGHAT SKUS LTD', '1', '', '', '', '', '', '', '', '', '', '', '', '2017-02-14 11:02:32'),
(366, 'NORTH 24 PGS ARDB', '1', '', '', '', '', '', '', '', '', '', '', '', '2017-02-14 11:02:32'),
(367, 'OFFICE. COM', '1', '', '', '', '', '', '', '', '', '', '', '', '2017-02-14 11:02:32'),
(368, 'PACE COMPUTER SERVICES', '1', '', '', '', '', '', '', '', '', '', '', '', '2017-02-14 11:02:32'),
(369, 'PADATIK CO-OPERATIVE', '2', 'SUJOY SAHA', 'MANAGER', '9836691121', 'ARITRA BASU ROY CHOWDHURY', 'WEST BENGAL', 'NORTH 24 PGS', 'BAKSHI BAGAN LANE\r\nBARASAT', '', 'PADATIK.BARASAT@GMAIL.COM', '', 'TANMAY', '2017-03-01 14:49:37'),
(370, 'PAHALAMPUR SKUS LTD', '1', '', '', '', '', '', '', '', '', '', '', '', '2017-02-14 11:02:32'),
(371, 'PAHARPUR SKUS LTD', '1', '', '', '', '', '', '', '', '', '', '', '', '2017-02-14 11:02:32'),
(372, 'PALARAH SKUS LTD', '1', '', '', '', '', '', '', '', '', '', '', '', '2017-02-14 11:02:32'),
(373, 'PALINPUR BAHIRGACHHI SKUS LTD', '1', '', '', '', '', '', '', '', '', '', '', '', '2017-02-14 11:02:32'),
(374, 'PANCHAGRAM SKUS LTD', '1', '', '', '', '', '', '', '', '', '', '', '', '2017-02-14 11:02:32'),
(375, 'PANCHARUL SKUS LTD', '1', '', '', '', '', '', '', '', '', '', '', '', '2017-02-14 11:02:32'),
(376, 'PANCHRA U.C.A.C.S', '1', '', '', '', '', '', '', '', '', '', '', '', '2017-02-14 11:02:32'),
(377, 'PANDITPUR SKUS LTD', '1', '', '', '', '', '', '', '', '', '', '', '', '2017-02-14 11:02:32'),
(378, 'PANICHORA SKUS LTD', '1', '', '', '', '', '', '', '', '', '', '', '', '2017-02-14 11:02:32'),
(379, 'PANTHO NIWAS CAR PARKING CO-OP SO. LTD', '1', '', '', '', '', '', '', '', '', '', '', '', '2017-02-14 11:02:32'),
(380, 'PARK STREET FEE PARKING CO-OP SO.LTD', '1', '', '', '', '', '', '', '', '', '', '', '', '2017-02-14 11:02:32'),
(381, 'PASCHEM GOPINATHPUR SKUS LTD', '1', '', '', '', '', '', '', '', '', '', '', '', '2017-02-14 11:02:32'),
(382, 'PASCHIM MALIGRAM SKUS LTD', '1', '', '', '', '', '', '', '', '', '', '', '', '2017-02-14 11:02:32'),
(383, 'PASCHIM TALIBPUR SKUS LTD', '1', '', '', '', '', '', '', '', '', '', '', '', '2017-02-14 11:02:32'),
(384, 'PATIKABARI O DALUIGRAM', '1', '', '', '', '', '', '', '', '', '', '', '', '2017-02-14 11:02:32'),
(385, 'PATIRAM SKUS LTD', '1', '', '', '', '', '', '', '', '', '', '', '', '2017-02-14 11:02:32'),
(386, 'PENTWARE COMPUTER', '1', '', '', '', '', '', '', '', '', '', '', '', '2017-02-14 11:02:32'),
(387, 'PHOENIX IT SOLUTIONS LTD', '1', '', '', '', '', '', '', '', '', '', '', '', '2017-02-14 11:02:32'),
(388, 'PIKURIA SKUS LTD', '1', '', '', '', '', '', '', '', '', '', '', '', '2017-02-14 11:02:32'),
(389, 'PIONNER CO-OPERATIVE CAR PARKING SCS LTD', '1', '', '', '', '', '', '', '', '', '', '', '', '2017-02-14 11:02:32'),
(390, 'PIONNER SERVICES AND SOLUTIONS', '1', '', '', '', '', '', '', '', '', '', '', '', '2017-02-14 11:02:32'),
(391, 'PIPRAGACHI SKUS', '1', '', '', '', '', '', '', '', '', '', '', '', '2017-02-14 11:02:32'),
(392, 'PITAMBARPUR GOKHURAPOTA SKUS LTD', '1', '', '', '', '', '', '', '', '', '', '', '', '2017-02-14 11:02:32'),
(393, 'PIYASARA STATION POTV S.K.U.S. LTD', '1', '', '', '', '', '', '', '', '', '', '', '', '2017-02-14 11:02:32'),
(394, 'P N T ACCOUNTS CO-OPERATIVE CREDIT SOCIETY LIMITED,', '1', '', '', '', '', '', '', '', '', '', '', '', '2017-02-14 11:02:32'),
(395, 'POLBA SKUS', '1', '', '', '', '', '', '', '', '', '', '', '', '2017-02-14 11:02:32'),
(396, 'POSTAL CO-OP CREDIT OF CULCATTA LTD', '1', '', '', '', '', '', '', '', '', '', '', '', '2017-02-14 11:02:32'),
(397, 'PRAKASH S.K.U.S LTD', '1', '', '', '', '', '', '', '', '', '', '', '', '2017-02-14 11:02:32'),
(398, 'PRANSAGAR SKUS LTD', '1', '', '', '', '', '', '', '', '', '', '', '', '2017-02-14 11:02:32'),
(399, 'PRESIDENCY DIVISION POSTAL CO-OP CREDIT SOCITY', '1', '', '', '', '', '', '', '', '', '', '', '', '2017-02-14 11:02:32'),
(400, 'PRESTIGE FEE CAR PARKING CO-OP SO. LTD', '1', '', '', '', '', '', '', '', '', '', '', '', '2017-02-14 11:02:32'),
(401, 'PROGRESSIVE CAR PARKING AND LABOUR CONTRSCT CO-OP S', '1', '', '', '', '', '', '', '', '', '', '', '', '2017-02-14 11:02:32'),
(402, 'PROTEX COMPUTER PVT LTD.', '1', '', '', '', '', '', '', '', '', '', '', '', '2017-02-14 11:02:32'),
(403, 'PUNCHA SKUS LTD', '1', '', '', '', '', '', '', '', '', '', '', '', '2017-02-14 11:02:32'),
(404, 'PURATAN SARBERIA SKUS LTD', '1', '', '', '', '', '', '', '', '', '', '', '', '2017-02-14 11:02:32'),
(405, 'PURBA CHAPANI SKUS LTD', '1', '', '', '', '', '', '', '', '', '', '', '', '2017-02-14 11:02:32'),
(406, 'PURBA SINDRANI SKUS LTD', '1', '', '', '', '', '', '', '', '', '', '', '', '2017-02-14 11:02:32'),
(407, 'PURI URBAN & RURAL DEVLOPMENT CO-OP LTD', '1', '', '', '', '', '', '', '', '', '', '', '', '2017-02-14 11:02:32'),
(408, 'RADANAGAR SKUS LTD (DIKSHIN DINAJPUR )', '1', '', '', '', '', '', '', '', '', '', '', '', '2017-02-14 11:02:32'),
(409, 'RADHANAGAR SKUS LTD (BAKURA )', '1', '', '', '', '', '', '', '', '', '', '', '', '2017-02-14 11:02:32'),
(410, 'RADHANAGAR SKUS LTD (HOOGHLY)', '1', '', '', '', '', '', '', '', '', '', '', '', '2017-02-14 11:02:32'),
(411, 'RAHUL CO', '1', '', '', '', '', '', '', '', '', '', '', '', '2017-02-14 11:02:32'),
(412, 'RAIGANJ CENTRAL CO-OPERATIVE BANK LTD', '1', '', '', '', '', '', '', '', '', '', '', '', '2017-02-14 11:02:32'),
(413, 'RAIGANJ PEOPLES CO-OPERATIVE CREDIT SOCIETY LTD', '1', '', '', '', '', '', '', '', '', '', '', '', '2017-02-14 11:02:32');
INSERT INTO `mm_client_master` (`client_id`, `client_name`, `client_type`, `contact_person`, `designation`, `contact_no`, `sss_man`, `state`, `district`, `address`, `pin_code`, `email`, `remarks`, `updated_by`, `date_time`) VALUES
(414, 'RAIGUNG CO-OP.ARDB LTD', '1', '', '', '', '', '', '', '', '', '', '', '', '2017-02-14 11:02:32'),
(415, 'RAJAPUR-O-BAGPUKUNA SKUS LTD', '1', '', '', '', '', '', '', '', '', '', '', '', '2017-02-14 11:02:32'),
(416, 'RAJARHAT SKUS LTD', '1', '', '', '', '', '', '', '', '', '', '', '', '2017-02-14 11:02:32'),
(417, 'RAJNAGAR SKUS LTD (SOUTH 24 PGS)', '1', '', '', '', '', '', '', '', '', '', '', '', '2017-02-14 11:02:32'),
(418, 'RAMKRISHNAPUR UNION CO-OP AGRICULTURAL CR. SO. LTD', '1', '', '', '', '', '', '', '', '', '', '', '', '2017-02-14 11:02:32'),
(419, 'RAMNAGAR BACHRA ANCHAL SKUS LTD', '1', '', '', '', '', '', '', '', '', '', '', '', '2017-02-14 11:02:32'),
(420, 'RAMNAGAR S.P.O.K.U.S. LTD', '1', '', '', '', '', '', '', '', '', '', '', '', '2017-02-14 11:02:32'),
(421, 'RAMPUR DK RAMPUR SKUS LTD', '1', '', '', '', '', '', '', '', '', '', '', '', '2017-02-14 11:02:32'),
(422, 'RAMPURHAT CO-OP.ARDB LTD', '1', '', '', '', '', '', '', '', '', '', '', '', '2017-02-14 11:02:32'),
(423, 'RAM SANJIVAN ROY', '1', '', '', '', '', '', '', '', '', '', '', '', '2017-02-14 11:02:32'),
(424, 'RANAGRAM SKUS LTD', '1', '', '', '', '', '', '', '', '', '', '', '', '2017-02-14 11:02:32'),
(425, 'RASIDPUR SKUS LTD', '1', '', '', '', '', '', '', '', '', '', '', '', '2017-02-14 11:02:32'),
(426, 'RATULIA SKUS LTD', '1', '', '', '', '', '', '', '', '', '', '', '', '2017-02-14 11:02:32'),
(427, 'RELIABLE CABLE NETWORK', '1', '', '', '', '', '', '', '', '', '', '', '', '2017-02-14 11:02:32'),
(428, 'RISHRA PEOPLE\'S CO-OP.CREDIT SOCIETY LTD', '1', '', '', '', '', '', '', '', '', '', '', '', '2017-02-14 11:02:32'),
(429, 'ROHIT KUMAR', '1', '', '', '', '', '', '', '', '', '', '', '', '2017-02-14 11:02:32'),
(430, 'RUDRAPUR MAGUR KHALI LTD', '1', '', '', '', '', '', '', '', '', '', '', '', '2017-02-14 11:02:32'),
(431, 'RUPOSHI BANGLA FEE CAR PARKING CO-OP SOCIETY LTD', '1', '', '', '', '', '', '', '', '', '', '', '', '2017-02-14 11:02:32'),
(432, 'SABUJ SKUS LTD', '1', '', '', '', '', '', '', '', '', '', '', '', '2017-02-14 11:02:32'),
(433, 'SAHABAZ COMMUNICATION', '1', '', '', '', '', '', '', '', '', '', '', '', '2017-02-14 11:02:32'),
(434, 'SAHARABERISA SKUS LTD', '1', '', '', '', '', '', '', '', '', '', '', '', '2017-02-14 11:02:32'),
(435, 'SAIBAL BOSE', '1', '', '', '', '', '', '', '', '', '', '', '', '2017-02-14 11:02:32'),
(436, 'SAIRAPUR SKUS LTD', '1', '', '', '', '', '', '', '', '', '', '', '', '2017-02-14 11:02:32'),
(437, 'SAKTINAGAR SKUS LTD', '1', '', '', '', '', '', '', '', '', '', '', '', '2017-02-14 11:02:32'),
(438, 'SALASH SKUS LTD', '1', '', '', '', '', '', '', '', '', '', '', '', '2017-02-14 11:02:32'),
(439, 'SAMRT PLANET', '1', '', '', '', '', '', '', '', '', '', '', '', '2017-02-14 11:02:32'),
(440, 'SAMRUDA JEEVAN MULTI STATE', '1', '', '', '', '', '', '', '', '', '', '', '', '2017-02-14 11:02:32'),
(441, 'SANCHER BACHAT & S.S.S.S.LTD', '1', '', '', '', '', '', '', '', '', '', '', '', '2017-02-14 11:02:32'),
(442, 'SANJOAY KUMAR DAS', '1', '', '', '', '', '', '', '', '', '', '', '', '2017-02-14 11:02:32'),
(443, 'SANKAR PARA', '1', '', '', '', '', '', '', '', '', '', '', '', '2017-02-14 11:02:32'),
(444, 'SARANDA PALLYMANGAL SKUS LTD', '1', '', '', '', '', '', '', '', '', '', '', '', '2017-02-14 11:02:32'),
(445, 'SARISHA SKUS LTD', '1', '', '', '', '', '', '', '', '', '', '', '', '2017-02-14 11:02:32'),
(446, 'SATGACHIYA SAMABAY SAVA SAMITY LTD', '1', '', '', '', '', '', '', '', '', '', '', '', '2017-02-14 11:02:32'),
(447, 'SCANDIA EXPORTS PVT LTD', '1', '', '', '', '', '', '', '', '', '', '', '', '2017-02-14 11:02:32'),
(448, 'SCANDIA PROPERTIES PVT LTD', '1', '', '', '', '', '', '', '', '', '', '', '', '2017-02-14 11:02:32'),
(449, 'SEULI SKUS LTD', '1', '', '', '', '', '', '', '', '', '', '', '', '2017-02-14 11:02:32'),
(450, 'SHANAKRPARA SKUS LTD', '1', '', '', '', '', '', '', '', '', '', '', '', '2017-02-14 11:02:32'),
(451, 'SHANTI BACHAT EVAM SAKH SSS LTD', '1', '', '', '', '', '', '', '', '', '', '', '', '2017-02-14 11:02:32'),
(452, 'SHARMA SECURITY & PROPERTY,S', '1', '', '', '', '', '', '', '', '', '', '', '', '2017-02-14 11:02:32'),
(453, 'SHERBABER BALARAMPUR SKUS LTD', '1', '', '', '', '', '', '', '', '', '', '', '', '2017-02-14 11:02:32'),
(454, 'SHIBNAGAR O JAHIRA SKUS LTD', '1', '', '', '', '', '', '', '', '', '', '', '', '2017-02-14 11:02:32'),
(455, 'SHIKRA SKUS LTD', '1', '', '', '', '', '', '', '', '', '', '', '', '2017-02-14 11:02:32'),
(456, 'SHINE N BLAZE IMPRESSION PVT LTD', '1', '', '', '', '', '', '', '', '', '', '', '', '2017-02-14 11:02:32'),
(457, 'SHRI RAM FINANCE CORPORATION PVT LTD', '1', '', '', '', '', '', '', '', '', '', '', '', '2017-02-14 11:02:32'),
(458, 'SHYAMAPRASANNA SKUS LTD.', '1', '', '', '', '', '', '', '', '', '', '', '', '2017-02-14 11:02:32'),
(459, 'SHYAMBATI BAYUGRAM SKUS LTD', '1', '', '', '', '', '', '', '', '', '', '', '', '2017-02-14 11:02:32'),
(460, 'SIEMENS EMPLOYEES CO-OPERATIVE CREDIT SOCIETY', '1', '', '', '', '', '', '', '', '', '', '', '', '2017-02-14 11:02:32'),
(461, 'SIJA KAMALPUR SKUS LTD', '1', '', '', '', '', '', '', '', '', '', '', '', '2017-02-14 11:02:32'),
(462, 'SIMA SAHA', '1', '', '', '', '', '', '', '', '', '', '', '', '2017-02-14 11:02:32'),
(463, 'SITALIA SKUS LTD', '1', '', '', '', '', '', '', '', '', '', '', '', '2017-02-14 11:02:32'),
(464, 'SITGRAM SKUS LTD', '1', '', '', '', '', '', '', '', '', '', '', '', '2017-02-14 11:02:32'),
(465, 'SITIBINDA SKUS LTD', '1', '', '', '', '', '', '', '', '', '', '', '', '2017-02-14 11:02:32'),
(466, 'SLANE CITIZEN HEALTH CARE UNIT AND SOCAL SERVICE', '1', '', '', '', '', '', '', '', '', '', '', '', '2017-02-14 11:02:32'),
(467, 'SLB MULTYSTATE', '1', '', '', '', '', '', '', '', '', '', '', '', '2017-02-14 11:02:32'),
(468, 'SOFTTHINK INTELLIGENT SOLUTIONS PVT LTD', '1', '', '', '', '', '', '', '', '', '', '', '', '2017-02-14 11:02:32'),
(469, 'SOHUM URBAN CO-OP CREDIT SOCIETY LTD', '1', '', '', '', '', '', '', '', '', '', '', '', '2017-02-14 11:02:32'),
(470, 'SOLADANGA SKUS LTD', '1', '', '', '', '', '', '', '', '', '', '', '', '2017-02-14 11:02:32'),
(471, 'SOUTH CITY PROJECTS KOLKATA LTD', '1', '', '', '', '', '', '', '', '', '', '', '', '2017-02-14 11:02:32'),
(472, 'SOUTHEND AGENCY', '1', '', '', '', '', '', '', '', '', '', '', '', '2017-02-14 11:02:32'),
(473, 'SOUTH HOWRAH CO-OPERATIVE CREDIT SOCIETY', '1', '', '', '', '', '', '', '', '', '', '', '', '2017-02-14 11:02:32'),
(474, 'SOUVIK DEY', '1', '', '', '', '', '', '', '', '', '', '', '', '2017-02-14 11:02:32'),
(475, 'SRIDHARPUR CO-OPERATIVE BANK (SCB)', '1', '', '', '', '', '', '', '', '', '', '', '', '2017-02-14 11:02:32'),
(476, 'STEEL AUTHORITY OF INDIA EMPLOYEES CO-OP', '1', '', '', '', '', '', '', '', '', '', '', '', '2017-02-14 11:02:32'),
(477, 'STREET KIDS FOUDATION', '1', '', '', '', '', '', '', '', '', '', '', '', '2017-02-14 11:02:32'),
(478, 'SUBARNABIHAR SKUS LTD', '1', '', '', '', '', '', '', '', '', '', '', '', '2017-02-14 11:02:32'),
(479, 'SUHIA KANKI SKUS LTD', '1', '', '', '', '', '', '', '', '', '', '', '', '2017-02-14 11:02:32'),
(480, 'SUKUM ENTERPRISE', '1', '', '', '', '', '', '', '', '', '', '', '', '2017-02-14 11:02:32'),
(481, 'SUKURHUTU G.P.S.K.U.S. LTD', '1', '', '', '', '', '', '', '', '', '', '', '', '2017-02-14 11:02:32'),
(482, 'SULTANPUR OLIPUR NARAYANPUR SKUS LTD', '1', '', '', '', '', '', '', '', '', '', '', '', '2017-02-14 11:02:32'),
(483, 'SUNDRY DEBTORS', '1', '', '', '', '', '', '', '', '', '', '', '', '2017-02-14 11:02:32'),
(484, 'SUROJ AGRO FUELS', '1', '', '', '', '', '', '', '', '', '', '', '', '2017-02-14 11:02:32'),
(485, 'SWAPAN KUMAR GOLE', '1', '', '', '', '', '', '', '', '', '', '', '', '2017-02-14 11:02:32'),
(486, 'SWARUPDAH U.P.SKUS LTD', '1', '', '', '', '', '', '', '', '', '', '', '', '2017-02-14 11:02:32'),
(487, 'SWASTIK FEE CAR PARKING CO-OP SOCITY LTD', '1', '', '', '', '', '', '', '', '', '', '', '', '2017-02-14 11:02:32'),
(488, 'SWATI ENTERPEISE', '1', '', '', '', '', '', '', '', '', '', '', '', '2017-02-14 11:02:32'),
(489, 'SYNDICATE BANK', '1', '', '', '', '', '', '', '', '', '', '', '', '2017-02-14 11:02:32'),
(490, 'SYNERGIC AUTOMATION (DEBTORS )', '1', '', '', '', '', '', '', '', '', '', '', '', '2017-02-14 11:02:32'),
(491, 'TAJPUR SKUS LTD', '1', '', '', '', '', '', '', '', '', '', '', '', '2017-02-14 11:02:32'),
(492, 'TAKDAH LINGDING GTSKUS LTD', '1', '', '', '', '', '', '', '', '', '', '', '', '2017-02-14 11:02:32'),
(493, 'TAKIPUR SKUS LTD', '1', '', '', '', '', '', '', '', '', '', '', '', '2017-02-14 11:02:32'),
(494, 'TALLIGURI DALUADASHGIR SKUS LTD', '1', '', '', '', '', '', '', '', '', '', '', '', '2017-02-14 11:02:32'),
(495, 'TAMLUK-I CADPFSCS LTD', '1', '', '', '', '', '', '', '', '', '', '', '', '2017-02-14 11:02:32'),
(496, 'TARANAGAR GRAM PANCHAYAT SKUS LTD', '1', '', '', '', '', '', '', '', '', '', '', '', '2017-02-14 11:02:32'),
(497, 'TARAPUR SKUS LTD', '1', '', '', '', '', '', '', '', '', '', '', '', '2017-02-14 11:02:32'),
(498, 'TATA BEARINGS EMOPS\' CO-OP CR SO LTD', '1', '', '', '', '', '', '', '', '', '', '', '', '2017-02-14 11:02:32'),
(499, 'TECHNOBYTES INFORMATION PVT LTD', '1', '', '', '', '', '', '', '', '', '', '', '', '2017-02-14 11:02:32'),
(500, 'TEHATTA SKUS', '1', '', '', '', '', '', '', '', '', '', '', '', '2017-02-14 11:02:32'),
(501, 'TENTULMARI SKUS LTD', '1', '', '', '', '', '', '', '', '', '', '', '', '2017-02-14 11:02:32'),
(502, 'TFG PRIMARY SCHOOL ECCS LTD', '1', '', '', '', '', '', '', '', '', '', '', '', '2017-02-14 11:02:32'),
(503, 'THE ASSAM CO-OPERATIVE APEX BANK LTD', '1', '', '', '', '', '', '', '', '', '', '', '', '2017-02-14 11:02:32'),
(504, 'THE BAITARANI MAHILA CO-OP LTD', '1', '', '', '', '', '', '', '', '', '', '', '', '2017-02-14 11:02:32'),
(505, 'THE BANKRA CO-OP CREDIT SOCIETY LTD', '2', 'BAREN SAMANTA', 'MANAGER', '9874583777', 'SUVENDU RAXIT', 'WEST BENGAL', 'HOWRAH', 'BANKRA,\r\nHOWRAH', '', '', '', 'TANMAY', '2017-03-01 14:18:11'),
(506, 'THE CALCUTTA CORPORATION CO-OP SOCITY LTD', '1', '', '', '', '', '', '', '', '', '', '', '', '2017-02-14 11:02:32'),
(507, 'THE CITY CO-OPERATIVE FEE CAR PARKING SO. LTD', '1', '', '', '', '', '', '', '', '', '', '', '', '2017-02-14 11:02:32'),
(508, 'THE HIGH COURT CO-OPERATIVE SOCIETY LTD', '1', '', '', '', '', '', '', '', '', '', '', '', '2017-02-14 11:02:32'),
(509, 'THE JUNIOR ENGINEER (TELCOM)CO-OP.SOCITY LTD', '1', '', '', '', '', '', '', '', '', '', '', '', '2017-02-14 11:02:32'),
(510, 'THE KOLKATA MUNICIPAL CORPORATION (CAR PARKING DEPT', '1', '', '', '', '', '', '', '', '', '', '', '', '2017-02-14 11:02:32'),
(511, 'THE RKMSP STAFF CREDIT CO-OP SOCIETY LTD', '1', '', '', '', '', '', '', '', '', '', '', '', '2017-02-14 11:02:32'),
(512, 'THE WEST BENGAL STATE CO-OP AGRI & RURAL DEV. BANK', '1', '', '', '', '', '', '', '', '', '', '', '', '2017-02-14 11:02:32'),
(513, 'TILAN SKUS LTD', '1', '', '', '', '', '', '', '', '', '', '', '', '2017-02-14 11:02:32'),
(514, 'TITAGARH CO-OP CREDIT SOCIETY LTD', '1', '', '', '', '', '', '', '', '', '', '', '', '2017-02-14 11:02:32'),
(515, 'TITUMIR ENTERPRISE', '1', '', '', '', '', '', '', '', '', '', '', '', '2017-02-14 11:02:32'),
(516, 'TOPIDANGA SKUS LTD', '1', '', '', '', '', '', '', '', '', '', '', '', '2017-02-14 11:02:32'),
(517, 'TORIA SKUS LTD', '1', '', '', '', '', '', '', '', '', '', '', '', '2017-02-14 11:02:32'),
(518, 'TRIMOHINI SKUS LTD', '1', '', '', '', '', '', '', '', '', '', '', '', '2017-02-14 11:02:32'),
(519, 'TRISHUL ELECTRICAL WORKS', '1', '', '', '', '', '', '', '', '', '', '', '', '2017-02-14 11:02:32'),
(520, 'TTS SYSTAMATIX PVT LTD', '1', '', '', '', '', '', '', '', '', '', '', '', '2017-02-14 11:02:32'),
(521, 'TURKA SKUS LTD', '1', '', '', '', '', '', '', '', '', '', '', '', '2017-02-14 11:02:32'),
(522, 'UDAYNARAYAN PUR AMTA CO-OP.CREDIT SOCIETY LTD', '1', '', '', '', '', '', '', '', '', '', '', '', '2017-02-14 11:02:32'),
(523, 'UDAY NARAYAN PUR UNION L.S.P.C.A.C.S.L', '1', '', '', '', '', '', '', '', '', '', '', '', '2017-02-14 11:02:32'),
(524, 'UDAY UCACS LTD', '1', '', '', '', '', '', '', '', '', '', '', '', '2017-02-14 11:02:32'),
(525, 'UNITED CO-OP FEE CARPARKING COLLEETORS SO. LTD', '1', '', '', '', '', '', '', '', '', '', '', '', '2017-02-14 11:02:32'),
(526, 'UTKAL FINANCIAL CO.SO.LTD', '1', '', '', '', '', '', '', '', '', '', '', '', '2017-02-14 11:02:32'),
(527, 'UTTAR CHANDIPUR GSKUS LTD', '1', '', '', '', '', '', '', '', '', '', '', '', '2017-02-14 11:02:32'),
(528, 'UTTAR DINAJPUR POLICE PERSOLAN&FAMILY WELLFARE', '1', '', '', '', '', '', '', '', '', '', '', '', '2017-02-14 11:02:32'),
(529, 'UTTAR NAHIT SAMABAY KRISHI UNNAYAN SAMITY LIMITED', '1', '', '', '', '', '', '', '', '', '', '', '', '2017-02-14 11:02:32'),
(530, 'UTTASAB TOLA SKUS LTD', '1', '', '', '', '', '', '', '', '', '', '', '', '2017-02-14 11:02:32'),
(531, 'VENKATESH FOUNDATION (P) LTD', '1', '', '', '', '', '', '', '', '', '', '', '', '2017-02-14 11:02:32'),
(532, 'VIDYASAGAR CENTRA CO-OP BANK LTD', '1', '', '', '', '', '', '', '', '', '', '', '', '2017-02-14 11:02:32'),
(533, 'VISWA-BHARATI CO-OPERATIVE BANK LTD.', '3', 'NILOY DAS', 'MANAGER', '9434838066', 'ARITRA BASU ROY CHOWDHURY', 'WEST BENGAL', 'BIRBHUM', 'VISWABHARATI\r\nBOLPUR,SHANTINIKETAN', '', 'VISVABHARATICBL@GMAIL.COM', '', 'TANMOY', '2017-03-02 08:52:05'),
(534, 'VISWA MITRAINDIA MULTI DEVELOPERS LTD', '1', '', '', '', '', '', '', '', '', '', '', '', '2017-02-14 11:02:32'),
(535, 'VIVEKANANDA SKUS LTD (HOOGHLY)', '1', '', '', '', '', '', '', '', '', '', '', '', '2017-02-14 11:02:32'),
(536, 'VIVEKANANDA SKUS LTD (PURBA MEDINIPUR)', '1', '', '', '', '', '', '', '', '', '', '', '', '2017-02-14 11:02:32'),
(537, 'WBSTC EMPLOYEE CO-OP CREDIT.SO.', '1', '', '', '', '', '', '', '', '', '', '', '', '2017-02-14 11:02:32'),
(538, 'WEST BENGAL STATE CO-OPERATIVE UNION', '1', '', '', '', '', '', '', '', '', '', '', '', '2017-02-14 11:02:32'),
(539, 'WEST BENGAL YOUTH FEE CAR PARKING CO-OP SOCIETY', '1', '', '', '', '', '', '', '', '', '', '', '', '2017-02-14 11:02:32'),
(540, 'WESTERN FEE CAR PARKING CO-OP SO.LTD', '1', '', '', '', '', '', '', '', '', '', '', '', '2017-02-14 11:02:32'),
(541, 'YES BANK LTD', '1', '', '', '', '', '', '', '', '', '', '', '', '2017-02-14 11:02:32'),
(542, 'ARAMBAGH MUNICIPALITY', '1', '', '', '', '', '', '', '', '', '', '', '', '2017-02-14 11:02:32'),
(543, 'BANKURA DISTRICT MAHILA CO-OP CREDIT SOCIETY LTD.', '1', '', '', '', '', '', '', '', '', '', '', '', '2017-02-14 11:02:32'),
(544, 'BANTRA CO-OPERATIVE BANK LTD', '1', '', '', '', '', '', '', '', '', '', '', '', '2017-02-14 11:02:32'),
(545, 'BASIRHAT COLLEGE', '1', '', '', '', '', '', '', '', '', '', '', '', '2017-02-14 11:02:32'),
(546, 'BURDWAN CENTRAL CO-OP BANK LTD.', '1', '', '', '', '', '', '', '', '', '', '', '', '2017-02-14 11:02:32'),
(547, 'CALCUTTA GIRLS\' COLLEGE', '1', '', '', '', '', '', '', '', '', '', '', '', '2017-02-14 11:02:32'),
(548, 'CHAKRA GROUP', '1', '', '', '', '', '', '', '', '', '', '', '', '2017-02-14 11:02:32'),
(549, 'CHHAYANI - MAJHARAT S K U S LTD', '1', '', '', '', '', '', '', '', '', '', '', '', '2017-02-14 11:02:32'),
(550, 'CHOTA ANDULIA SKUS LTD', '1', '', '', '', '', '', '', '', '', '', '', '', '2017-02-14 11:02:32'),
(551, 'COOCHBEHAR WHOLESALE CONSUMERS\' COOP SOC LTD.', '1', '', '', '', '', '', '', '', '', '', '', '', '2017-02-14 11:02:32'),
(552, 'CSS AUTOMATIVE PVT LTD', '1', '', '', '', '', '', '', '', '', '', '', '', '2017-02-14 11:02:32'),
(553, 'DEULIA SCS', '1', '', '', '', '', '', '', '', '', '', '', '', '2017-02-14 11:02:32'),
(554, 'EQUINOX LAND PROJECTS INDIA LTD.', '1', '', '', '', '', '', '', '', '', '', '', '', '2017-02-14 11:02:32'),
(555, 'FEDERATION UCB', '1', '', '', '', '', '', '', '', '', '', '', '', '2017-02-14 11:02:32'),
(556, 'FORUM MALL MANAGMENT SERVICES PVT. LTD', '1', '', '', '', '', '', '', '', '', '', '', '', '2017-02-14 11:02:32'),
(557, 'GONTRA SKUS LTD', '1', '', '', '', '', '', '', '', '', '', '', '', '2017-02-14 11:02:32'),
(558, 'GOSA MUSHAPUR SKUS LTD.', '1', '', '', '', '', '', '', '', '', '', '', '', '2017-02-14 11:02:32'),
(559, 'GUMA SKUS LTD', '1', '', '', '', '', '', '', '', '', '', '', '', '2017-02-14 11:02:32'),
(560, 'HANEMANN HERBAL LTD.', '1', '', '', '', '', '', '', '', '', '', '', '', '2017-02-14 11:02:32'),
(561, 'HINDALCO ECCS LTD', '1', '', '', '', '', '', '', '', '', '', '', '', '2017-02-14 11:02:32'),
(562, 'HOOGHLY DISTRICT CENTRAL CO-OP BANK LTD.', '1', '', '', '', '', '', '', '', '', '', '', '', '2017-02-14 11:02:32'),
(563, 'INDIAN INSTITUTE OF ENTREPRENEURSHIP', '1', '', '', '', '', '', '', '', '', '', '', '', '2017-02-14 11:02:32'),
(564, 'JANGIPUR MUNICIPALITY', '1', '', '', '', '', '', '', '', '', '', '', '', '2017-02-14 11:02:32'),
(565, 'KATWA THANA C.A.M.S. LTD', '1', '', '', '', '', '', '', '', '', '', '', '', '2017-02-14 11:02:32'),
(566, 'KHANPUR LARGESIZED PACS LTD', '1', '', '', '', '', '', '', '', '', '', '', '', '2017-02-14 11:02:32'),
(567, 'KHARUI GATHRA SKUS LTD', '1', '', '', '', '', '', '', '', '', '', '', '', '2017-02-14 11:02:32'),
(568, 'KOLKATA PORT TRUST ECCS LTD.', '1', '', '', '', '', '', '', '', '', '', '', '', '2017-02-14 11:02:32'),
(569, 'KONNAGAR', '1', '', '', '', '', '', '', '', '', '', '', '', '2017-02-14 11:02:32'),
(570, 'KOUSHIK LOGISTICS PVT. LTD.', '1', '', '', '', '', '', '', '', '', '', '', '', '2017-02-14 11:02:32'),
(571, 'MIDNAPORE ARDB', '1', '', '', '', '', '', '', '', '', '', '', '', '2017-02-14 11:02:32'),
(572, 'MIDNAPORE MAHILA CO-OP.CREDIT SOCIETY LTD.', '1', '', '', '', '', '', '', '', '', '', '', '', '2017-02-14 11:02:32'),
(573, 'NATUNGRAM SKUS', '1', '', '', '', '', '', '', '', '', '', '', '', '2017-02-14 11:02:32'),
(574, 'PUNCHA GP SKUS LTD', '1', '', '', '', '', '', '', '', '', '', '', '', '2017-02-14 11:02:32'),
(575, 'RAINBOW CREDIT & CO-OPERATIVE SOCIETY LTD.', '1', '', '', '', '', '', '', '', '', '', '', '', '2017-02-14 11:02:32'),
(576, 'SANTOSHPUR SCS', '1', '', '', '', '', '', '', '', '', '', '', '', '2017-02-14 11:02:32'),
(577, 'SHANTI KIDS ACADEMY', '1', '', '', '', '', '', '', '', '', '', '', '', '2017-02-14 11:02:32'),
(578, 'SNT DIV(GOVT. OF SIKKIM),GANGTOK', '1', '', '', '', '', '', '', '', '', '', '', '', '2017-02-14 11:02:32'),
(579, 'SOMESWAR SKUS LTD.', '1', '', '', '', '', '', '', '', '', '', '', '', '2017-02-14 11:02:32'),
(580, 'SONATALA SKUS', '1', '', '', '', '', '', '', '', '', '', '', '', '2017-02-14 11:02:32'),
(581, 'SPS STEEL & POWER LTD.', '1', '', '', '', '', '', '', '', '', '', '', '', '2017-02-14 11:02:32'),
(582, 'THE WEST BENGAL STATE HANDICRAFTS CO-OP SOCIETY LTD', '1', '', '', '', '', '', '', '', '', '', '', '', '2017-02-14 11:02:32'),
(583, 'TURA PUBLIC TRANSPORT SERVICE', '1', '', '', '', '', '', '', '', '', '', '', '', '2017-02-14 11:02:32');

-- --------------------------------------------------------

--
-- Table structure for table `mm_district`
--

CREATE TABLE `mm_district` (
  `district_code` int(10) NOT NULL,
  `district_name` varchar(50) NOT NULL
) ENGINE=InnoDB DEFAULT CHARSET=latin1;

-- --------------------------------------------------------

--
-- Table structure for table `mm_exectuion_status`
--

CREATE TABLE `mm_exectuion_status` (
  `exe_code` int(10) NOT NULL,
  `exe_description` varchar(50) NOT NULL
) ENGINE=InnoDB DEFAULT CHARSET=latin1;

-- --------------------------------------------------------

--
-- Table structure for table `mm_login_master`
--

CREATE TABLE `mm_login_master` (
  `login_code` int(10) NOT NULL,
  `user_id` varchar(50) NOT NULL,
  `user_password` varchar(50) NOT NULL,
  `user_type` varchar(50) NOT NULL,
  `login_time` timestamp NULL DEFAULT NULL,
  `logout_time` timestamp NULL DEFAULT NULL
) ENGINE=InnoDB DEFAULT CHARSET=latin1;

--
-- Dumping data for table `mm_login_master`
--

INSERT INTO `mm_login_master` (`login_code`, `user_id`, `user_password`, `user_type`, `login_time`, `logout_time`) VALUES
(1, 'ASD', 'super', 'STK', '2017-03-02 18:31:01', '2017-02-20 09:18:04'),
(2, 'ARITRA', 'aritra', 'STK', '2017-03-02 12:49:07', '2017-03-02 12:50:46'),
(3, 'DEBASISHA', 'debasisha', 'STK', '2017-03-02 09:18:11', '2017-03-02 08:20:43'),
(4, 'DEBASISHB', 'debasishb', 'STK', NULL, NULL),
(5, 'AMITS', 'amits', 'STK', '2017-03-02 05:36:52', '2017-03-01 11:11:27'),
(6, 'SUKANTA', 'sukanta', 'STK', '2017-03-02 13:15:38', NULL),
(7, 'NEEL', 'neel', 'STK', '2017-03-01 10:46:39', '2017-03-01 11:02:29'),
(8, 'TANMOY', 'mohita_11#13', 'STK', '2017-03-02 08:48:25', '2017-03-02 08:59:32'),
(9, 'ARGHYA', 'arghya', 'STK', '2017-03-02 13:07:02', '2017-03-02 13:23:21'),
(10, 'SOUMYA', 'soumya', 'STK', NULL, NULL),
(11, 'SUJIT', 'sujit', 'STK', '2017-02-27 11:11:52', '2017-02-25 11:16:50'),
(12, 'RANJAN', 'ranjan', 'STK', NULL, NULL),
(13, 'MOUMITA', 'moumita', 'STK', '2017-03-01 10:50:41', NULL),
(14, 'SUBHADIP', 'subhadip', 'STK', '2017-03-02 13:12:33', '2017-03-02 13:15:10'),
(15, 'SUVENDU', 'suvendu', 'STK', NULL, NULL),
(16, 'ARFI', 'arfi', 'STK', NULL, NULL);

-- --------------------------------------------------------

--
-- Table structure for table `mm_log_master`
--

CREATE TABLE `mm_log_master` (
  `log_id` bigint(15) NOT NULL,
  `description` text NOT NULL,
  `department` varchar(15) NOT NULL,
  `table_name` varchar(30) NOT NULL,
  `operation` varchar(30) NOT NULL,
  `user_id` varchar(100) NOT NULL,
  `date_time` timestamp NOT NULL DEFAULT CURRENT_TIMESTAMP
) ENGINE=InnoDB DEFAULT CHARSET=latin1;

--
-- Dumping data for table `mm_log_master`
--

INSERT INTO `mm_log_master` (`log_id`, `description`, `department`, `table_name`, `operation`, `user_id`, `date_time`) VALUES
(6, '1, ABHISEKH MONDAL, 1, , , , , , , , , , ', 'SOFTEK', 'MM_CLIENT_MASTER', 'UPDATE', 'ASD', '2017-02-16 06:55:43'),
(7, '31, 1, 4, 4, 36, 2017-01-24, 96122055 , 96122058 , 96122056, 96122049., SSSPL/1617/INV-566, BATTERY 1 YEAR IN WARRANTY', 'DDS', 'SALES_MASTER', 'INSERT', 'AMITS', '2017-02-17 09:07:46'),
(8, '32, 1, 2, 174, 36, 2017-12-21, 96120089 , 96120616 , 96121339 , 96121327 , 96121328 , 96120137 , 96120263 , 96120023 , 96120676 , 96121295 , 96121421  - 96121440 , 96121461  - 96121480 , 96121481  - 96121500 , 96121501  -  96121520 ,  \r\n 96121381  -  96121400 , 96121361  -  96121380 , \r\n96121541 , 96121542 , 96121544 , 96121545 , 96121547 , 96121549, 96121552, 96121553 , 96121554 , 96121556 , 96121557 , 96121558 , 96121560 , 96121546,96122053 , 96122045 , 96122057 , 96122059 , 96122044 , 96122042 , 96122051 , 96122061 , 96122054 , 96122048 , \r\n96122142  -  96122161, SSSPL/1617/INV-503, BATTERY 1 YEAR IN WARRANTY', 'DDS', 'SALES_MASTER', 'INSERT', 'AMITS', '2017-02-17 09:14:34'),
(9, '33, 2, 8, 5, 12, 2016-10-03, 216090423 , 216090422 , 216090425 , 216090424 , 216090421,, SSSPL/1617/INV-357, ', 'DDS', 'SALES_MASTER', 'INSERT', 'AMITS', '2017-02-17 09:34:01'),
(10, '34, 2, 8, 5, 12, 2017-02-09, 91959159,91959160,91959161,91959162,91957336,, SSSPL/1617/INV-612, ', 'DDS', 'SALES_MASTER', 'INSERT', 'AMITS', '2017-02-17 09:34:57'),
(11, '35, 2, 8, 10, 12, 2016-01-02, 216050436,216050429,216050434,\r\n216050425,216050425,216050437,216050433, 216050435,216050423,216050432,, SSSPL/1617/INV-103, ', 'DDS', 'SALES_MASTER', 'INSERT', 'AMITS', '2017-02-17 09:36:43'),
(12, '35, 2, 8, 10, 12, 2016-06-02, , SSSPL/1617/INV-103, ', 'DDS', 'SALES_MASTER', 'UPDATE', 'AMITS', '2017-02-17 09:41:31'),
(13, '36, 2, 8, 20, 12, 2016-05-17, 216050098 , 216050102 , 216050104 , 216050092 , 21605109 , 216050114 , 216050097 , 216050108 , 216050110 , 2160096 , 216050095 , 216050100 , 216050115 , 216050101 , 216050113 , 216050094 , 216050103 , 216050111 , 216050105 , 216050099, SSSPL/1617/INV-69, ', 'DDS', 'SALES_MASTER', 'INSERT', 'AMITS', '2017-02-17 09:44:51'),
(14, '37, 2, 8, 10, 12, 2016-03-18, 91951041 , 91951029 , 91951042 , 91951035 , 91951034 , 91951037 , 91951038 , 91951033 , 91951030 , 91951032 ,, SSSPL/1516/INV-521, ', 'DDS', 'SALES_MASTER', 'INSERT', 'AMITS', '2017-02-17 09:46:13'),
(15, '35, 2, 8, 10, 12, 2016-06-02, , SSSPL/1617/INV-103, ', 'DDS', 'SALES_MASTER', 'UPDATE', 'AMITS', '2017-02-17 09:51:19'),
(16, '38, 3, 12, 1, 12, 2017-02-17, 91956675,, SSSPL/1617/INV-633, ', 'DDS', 'SALES_MASTER', 'INSERT', 'AMITS', '2017-02-17 09:52:50'),
(17, '39, 2, 18, 1, 12, 2017-02-16, 91959163,, SSSPL/1617/INV-628, ', 'DDS', 'SALES_MASTER', 'INSERT', 'AMITS', '2017-02-17 09:53:39'),
(18, '19, SYNDICATE  BANK (GUWAHATI), GUWAHATI, 0000000000, ', 'DDS', 'CLIENT_MASTER', 'INSERT', 'AMITS', '2017-02-17 09:54:58'),
(19, '40, 2, 19, 18, 24, 2017-02-10, 91959141 - 91959158,, SSSPL/1617/INV-616, ', 'DDS', 'SALES_MASTER', 'INSERT', 'AMITS', '2017-02-17 09:59:48'),
(20, '20, GITANJALI FEE CAR PARKING CO-OP SO. LTD, KOLKATA, 0000000000, ', 'DDS', 'CLIENT_MASTER', 'INSERT', 'AMITS', '2017-02-17 10:04:33'),
(21, '20, 3, 20, 1, 12, 2017-01-02, , SSSPL/1617/INV-544, ', 'DDS', 'SALES_MASTER', 'UPDATE', 'AMITS', '2017-02-17 10:08:17'),
(22, '21, SIMA SAHA, KOLKATA, 0000000000, ', 'DDS', 'CLIENT_MASTER', 'INSERT', 'AMITS', '2017-02-17 10:17:39'),
(23, '41, 1, 21, 1, 12, 2017-01-25, 96122046,, SSSPL/1617/INV-569, ', 'DDS', 'SALES_MASTER', 'INSERT', 'AMITS', '2017-02-17 10:18:37'),
(24, '6, BLUETOOTH PRINTER(IMPORT), BLUETOOTH PRINTER(IMPORT), OTHERS', 'DDS', 'ITEM_MASTER', 'INSERT', 'AMITS', '2017-02-17 10:20:54'),
(25, '2, CCS', 'SOFTEK', 'MM_PRODUCT_MASTER', 'INSERT', 'ARITRA', '2017-02-17 11:32:52'),
(26, '3, ECCS', 'SOFTEK', 'MM_PRODUCT_MASTER', 'INSERT', 'ARITRA', '2017-02-17 11:33:13'),
(27, '4, UCB', 'SOFTEK', 'MM_PRODUCT_MASTER', 'INSERT', 'ARITRA', '2017-02-17 11:33:23'),
(28, '5, ARDB', 'SOFTEK', 'MM_PRODUCT_MASTER', 'INSERT', 'ARITRA', '2017-02-17 11:33:43'),
(29, '6, LAMPS', 'SOFTEK', 'MM_PRODUCT_MASTER', 'INSERT', 'ARITRA', '2017-02-17 11:33:51'),
(30, '7, OTHERS - PRIVATE', 'SOFTEK', 'MM_PRODUCT_MASTER', 'INSERT', 'ARITRA', '2017-02-17 11:34:29'),
(31, '8, OTHERS - GOVERNMENT', 'SOFTEK', 'MM_PRODUCT_MASTER', 'INSERT', 'ARITRA', '2017-02-17 11:35:07'),
(32, '1, ABHISEKH MONDAL, 7, , , , , , , , , , ', 'SOFTEK', 'MM_CLIENT_MASTER', 'UPDATE', 'ARITRA', '2017-02-17 11:35:23'),
(33, '9, CHIT FUND', 'SOFTEK', 'MM_PRODUCT_MASTER', 'INSERT', 'ARITRA', '2017-02-17 11:36:09'),
(34, '2, ACHIEVERS AGRI INDIA PVT LTD, 9, , , , , , , , , , ', 'SOFTEK', 'MM_CLIENT_MASTER', 'UPDATE', 'ARITRA', '2017-02-17 11:36:27'),
(35, '3, ADADANGA SKUS LTD, 1, , , , , , , , , , ', 'SOFTEK', 'MM_CLIENT_MASTER', 'UPDATE', 'ARITRA', '2017-02-17 11:37:29'),
(36, '4, ADASIMLA SKUS LTD, 1, , , , , , , , , , ', 'SOFTEK', 'MM_CLIENT_MASTER', 'UPDATE', 'ARITRA', '2017-02-17 11:37:38'),
(37, '5, AFTAF CABLE VISION, 7, , , , , , , , , , ', 'SOFTEK', 'MM_CLIENT_MASTER', 'UPDATE', 'ARITRA', '2017-02-17 11:37:57'),
(38, '6, AIHO SKUS LTD, 1, , , , , , , , , , ', 'SOFTEK', 'MM_CLIENT_MASTER', 'UPDATE', 'ARITRA', '2017-02-17 11:38:06'),
(39, '7, AJHAPUR UCACS LTD, 1, , , , , , , , , , ', 'SOFTEK', 'MM_CLIENT_MASTER', 'UPDATE', 'ARITRA', '2017-02-17 11:38:16'),
(40, '8, A.K. JAMES, 7, , , , , , , , , , ', 'SOFTEK', 'MM_CLIENT_MASTER', 'UPDATE', 'ARITRA', '2017-02-17 11:38:33'),
(41, '9, AKTAIL SKUS, 1, , , , , , , , , , ', 'SOFTEK', 'MM_CLIENT_MASTER', 'UPDATE', 'ARITRA', '2017-02-17 11:38:56'),
(42, '10, ALFATECH, 7, , , , , , , , , , ', 'SOFTEK', 'MM_CLIENT_MASTER', 'UPDATE', 'ARITRA', '2017-02-17 11:39:15'),
(43, '11, ALIPURDUAR ARDB, 5, , , , , WEST BENGAL, ALIPURDUAR, , , , ', 'SOFTEK', 'MM_CLIENT_MASTER', 'UPDATE', 'ARITRA', '2017-02-17 11:40:18'),
(44, '12, ALO MAHILA CO-OPERATIVE CR. SOCIETY LTD, 2, , , , , WEST BENGAL, DAKHSHIN DINAJPUR, , , , ', 'SOFTEK', 'MM_CLIENT_MASTER', 'UPDATE', 'ARITRA', '2017-02-17 11:40:58'),
(45, '6, AIHO SKUS LTD, 1, , , , , WEST BENGAL, MALDAH, , , , ', 'SOFTEK', 'MM_CLIENT_MASTER', 'UPDATE', 'ARITRA', '2017-02-17 11:41:17'),
(46, '13, AMADPUR UNION COOP AGRICULTURE CREDIT SOC. LTD, 1, , , , ARGHYA MONDAL, WEST BENGAL, BURDWAN, , , , ', 'SOFTEK', 'MM_CLIENT_MASTER', 'UPDATE', 'ARITRA', '2017-02-17 11:42:19'),
(47, '6, AIHO SKUS LTD, 1, , , , ARFI BILLAH MONDAL, WEST BENGAL, MALDAH, , , , ', 'SOFTEK', 'MM_CLIENT_MASTER', 'UPDATE', 'ARITRA', '2017-02-17 11:42:41'),
(48, '7, AJHAPUR UCACS LTD, 1, , , , ARGHYA MONDAL, WEST BENGAL, BURDWAN, , , , ', 'SOFTEK', 'MM_CLIENT_MASTER', 'UPDATE', 'ARITRA', '2017-02-17 11:43:16'),
(49, '14, AMBERIA SKUS LTD, 1, , , , , , , , , , ', 'SOFTEK', 'MM_CLIENT_MASTER', 'UPDATE', 'ARITRA', '2017-02-17 11:44:37'),
(50, '10, MARKETING', 'SOFTEK', 'MM_PRODUCT_MASTER', 'INSERT', 'ARITRA', '2017-02-17 11:45:52'),
(51, '16, AMTA -II A.C.M.S LTD, 10, SUVENDU RAKSHIT, , , , WEST BENGAL, HOWRAH, , , , ', 'SOFTEK', 'MM_CLIENT_MASTER', 'UPDATE', 'ARITRA', '2017-02-17 11:47:39'),
(52, '16, AMTA -II A.C.M.S LTD, 10, , , , SUVENDU RAKSHIT, WEST BENGAL, HOWRAH, , , , ', 'SOFTEK', 'MM_CLIENT_MASTER', 'UPDATE', 'ARITRA', '2017-02-17 11:48:11'),
(53, '17, ANAND NARAYAN SINGH & SONS, 7, , , , , , , , , , ', 'SOFTEK', 'MM_CLIENT_MASTER', 'UPDATE', 'ARITRA', '2017-02-17 11:48:32'),
(54, '18, ANANTA PRAKASH LAHA, 7, , , , , , , , , , ', 'SOFTEK', 'MM_CLIENT_MASTER', 'UPDATE', 'ARITRA', '2017-02-17 11:48:51'),
(55, '20, ARAMBAGH CO-OP ARDB, 5, , , , DEBASISH ADHIKARY, WEST BENGAL, HOOGHLY, , , , ', 'SOFTEK', 'MM_CLIENT_MASTER', 'UPDATE', 'ARITRA', '2017-02-17 11:50:04'),
(56, '22, ARUI SKUS LTD, 1, , , , ARGHYA MONDAL, WEST BENGAL, BURDWAN, , , , ', 'SOFTEK', 'MM_CLIENT_MASTER', 'UPDATE', 'ARITRA', '2017-02-17 11:52:12'),
(57, '23, ARUN KUNDU, 7, , , , , , , , , , ', 'SOFTEK', 'MM_CLIENT_MASTER', 'UPDATE', 'ARITRA', '2017-02-17 11:52:49'),
(58, '24, ASHOK DHANKUNI KHARAGPUR TOLLWAY LTD, 7, , , , , , , , , , ', 'SOFTEK', 'MM_CLIENT_MASTER', 'UPDATE', 'ARITRA', '2017-02-17 11:53:05'),
(59, '25, ASP ECCS LTD, 3, , , , DEBASISH ADHIKARY, WEST BENGAL, BURDWAN, , , , ', 'SOFTEK', 'MM_CLIENT_MASTER', 'UPDATE', 'ARITRA', '2017-02-17 11:53:44'),
(60, '26, ASSOCIATION OF KASBA INDUSTRIAL E.E., 7, , , , AMIT KR SINGH, WEST BENGAL, KOLKATA, , , , ', 'SOFTEK', 'MM_CLIENT_MASTER', 'UPDATE', 'ARITRA', '2017-02-17 11:54:20'),
(61, '28, AUSGRAM BLOCK - II LAMPS LTD, 6, , , , ARGHYA MONDAL, WEST BENGAL, BURDWAN, , , , ', 'SOFTEK', 'MM_CLIENT_MASTER', 'UPDATE', 'ARITRA', '2017-02-17 11:54:54'),
(62, '2, ACHIEVERS AGRI INDIA PVT LTD, 9, , , , , KARNATAK, BENGALURU, , , , ', 'SOFTEK', 'MM_CLIENT_MASTER', 'UPDATE', 'ARITRA', '2017-02-17 11:55:46'),
(63, '29, AUSGRAM BLOCK-I LAMPS SOCIETY LTD, 6, , , , ARGHYA MONDAL, WEST BENGAL, BURDWAN, , , , ', 'SOFTEK', 'MM_CLIENT_MASTER', 'UPDATE', 'ARITRA', '2017-02-17 11:56:18'),
(64, '30, AYESHBAGH SKUS LTD, 1, , , , DEBASISH BERA, WEST BENGAL, MURSHIDABAD, , , , ', 'SOFTEK', 'MM_CLIENT_MASTER', 'UPDATE', 'ARITRA', '2017-02-17 11:57:02'),
(65, '31, AZIZNAGAR SKUS LTD, 1, , , , ARFI BILLAH MONDAL, WEST BENGAL, NORTH 24 PGS, , , , ', 'SOFTEK', 'MM_CLIENT_MASTER', 'UPDATE', 'ARITRA', '2017-02-17 11:57:46'),
(66, '33, BAGDA L.S. PRY CO-OP SO.LTD, 1, , , , ARFI BILLAH MONDAL, WEST BENGAL, NORTH 24 PGS, , , , ', 'SOFTEK', 'MM_CLIENT_MASTER', 'UPDATE', 'ARITRA', '2017-02-17 11:58:56'),
(67, '34, BAGGAON SKUS LTD, 1, , , , ARFI BILLAH MONDAL, WEST BENGAL, UTTAR DINAJPUR, , , , ', 'SOFTEK', 'MM_CLIENT_MASTER', 'UPDATE', 'ARITRA', '2017-02-17 11:59:47'),
(68, '35, BAGNAN -1 MAHILA BIKASH CO-OPE.CREDIT SOCEITY, 2, , , , AMIT KR SINGH, WEST BENGAL, HOWRAH, , , , ', 'SOFTEK', 'MM_CLIENT_MASTER', 'UPDATE', 'ARITRA', '2017-02-17 12:00:20'),
(69, '36, BAGNAPARA SKUS LTD, 1, , , , ARGHYA MONDAL, WEST BENGAL, BURDWAN, , , , ', 'SOFTEK', 'MM_CLIENT_MASTER', 'UPDATE', 'ARITRA', '2017-02-17 12:00:49'),
(70, '37, BAJUA SKUS LTD, 1, , , , ARGHYA MONDAL, WEST BENGAL, BURDWAN, , , , ', 'SOFTEK', 'MM_CLIENT_MASTER', 'UPDATE', 'ARITRA', '2017-02-17 12:01:16'),
(71, '11, ALIPURDUAR ARDB, 5, , , , DEBASISH ADHIKARY, WEST BENGAL, ALIPURDUAR, , , , ', 'SOFTEK', 'MM_CLIENT_MASTER', 'UPDATE', 'ARITRA', '2017-02-17 12:01:31'),
(72, '39, BAKSARA CO-OP. CREDIT SOCIETY LTD, 2, , , , AMIT KR SINGH, WEST BENGAL, HOWRAH, , , , ', 'SOFTEK', 'MM_CLIENT_MASTER', 'UPDATE', 'ARITRA', '2017-02-17 12:02:25'),
(73, '12, ALO MAHILA CO-OPERATIVE CR. SOCIETY LTD, 2, , , , DEBASISH ADHIKARY, WEST BENGAL, DAKHSHIN DINAJPUR, , , , ', 'SOFTEK', 'MM_CLIENT_MASTER', 'UPDATE', 'ARITRA', '2017-02-17 12:02:45'),
(74, '40, BALAJI MANDIR MAINTENANCE & COMMITTEE, 7, , , , , WEST BENGAL, PASCHIM MIDNAPORE, , , , ', 'SOFTEK', 'MM_CLIENT_MASTER', 'UPDATE', 'ARITRA', '2017-02-17 12:03:50'),
(75, '1, 15, 124000.00, 40% ADVANCE, 30% INSTALLATION , 30% ONLINE, BANKING + SMS, INSTALLATION PENDING, 2016-08-25', 'SOFTEK', 'MM_ORDER_MASTER', 'INSERT', 'SUJIT', '2017-02-17 12:04:07'),
(76, '40, BALAJI MANDIR MAINTENANCE & COMMITTEE, 7, , , , AMIT KR SINGH, WEST BENGAL, PASCHIM MIDNAPORE, , , , ', 'SOFTEK', 'MM_CLIENT_MASTER', 'UPDATE', 'ARITRA', '2017-02-17 12:04:10'),
(77, '41, BALARAMPUR LASKARPUR SKUS LTD, 1, , , , ARFI BILLAH MONDAL, WEST BENGAL, MALDAH, , , , ', 'SOFTEK', 'MM_CLIENT_MASTER', 'UPDATE', 'ARITRA', '2017-02-17 12:04:46'),
(78, '42, BALIA SKUS LTD, 1, , , , ARGHYA MONDAL, WEST BENGAL, BURDWAN, , , , ', 'SOFTEK', 'MM_CLIENT_MASTER', 'UPDATE', 'ARITRA', '2017-02-17 12:05:35'),
(79, '2, 45, 99,000.00, 40% ADVANCE , 30% INSTALLATION,30% ONLINE, BANKING, AMC PENDING, AMC PENDING, 2014-05-01', 'SOFTEK', 'MM_ORDER_MASTER', 'INSERT', 'SUJIT', '2017-02-17 12:07:49'),
(80, '43, BALIHARA SKUS LTD, 1, , , , , WEST BENGAL, UTTAR DINAJPUR, , , , ', 'SOFTEK', 'MM_CLIENT_MASTER', 'UPDATE', 'ARITRA', '2017-02-17 12:08:12'),
(81, '43, BALIHARA SKUS LTD, 1, , , , ARFI BILLAH MONDAL, WEST BENGAL, UTTAR DINAJPUR, , , , ', 'SOFTEK', 'MM_CLIENT_MASTER', 'UPDATE', 'ARITRA', '2017-02-17 12:10:45'),
(82, '44, BALKI SKUS LTD, 1, , , , ARGHYA MONDAL, WEST BENGAL, NORTH 24 PGS, , , , ', 'SOFTEK', 'MM_CLIENT_MASTER', 'UPDATE', 'ARITRA', '2017-02-17 12:11:50'),
(83, '45, BALLUK U.C.A.C.S. LTD, 1, , , , SUVENDU RAKSHIT, WEST BENGAL, PASCHIM MIDNAPORE, , , , ', 'SOFTEK', 'MM_CLIENT_MASTER', 'UPDATE', 'ARITRA', '2017-02-17 12:15:41'),
(84, '46, BAMAN PUKUR MINKHAN SKUS LTD, 1, , , , ARGHYA MONDAL, WEST BENGAL, NORTH 24 PGS, , , , ', 'SOFTEK', 'MM_CLIENT_MASTER', 'UPDATE', 'ARITRA', '2017-02-17 12:16:42'),
(85, '47, BANCHHARAM FOOD PRODUCTS PVT LTD, 1, , , , NILKANTHA DAS, WEST BENGAL, KOLKATA, , , , ', 'SOFTEK', 'MM_CLIENT_MASTER', 'UPDATE', 'ARITRA', '2017-02-17 13:18:36'),
(86, '49, BANDHMURA SKUS LTD, 1, , , , ARGHYA MONDAL, WEST BENGAL, BURDWAN, , , , ', 'SOFTEK', 'MM_CLIENT_MASTER', 'UPDATE', 'ARITRA', '2017-02-17 13:19:34'),
(87, '1, 6, SSSPL/1617/SER/INV-465, 2017-02-08, 2017-02-11, 12, 2018-02-11, 30000.00, 15, 34500, 34500, 0', 'SOFTEK', 'MM_AMC_MASTER', 'INSERT', 'SUJIT', '2017-02-18 05:50:44'),
(88, '2, 7, SSSPL/1617/SER/INV-127, 2016-07-26, 2016-07-26, 0, 2016-07-26, 1739, 15, 2000, 2000, 0', 'SOFTEK', 'MM_AMC_MASTER', 'INSERT', 'SUJIT', '2017-02-18 06:19:33'),
(89, '3, 11, SSSPL/1617/SER/INV-105, 2016-07-07, 2016-07-01, 12, 2017-07-01, 60870, 15, 70000.00, 70000, 0', 'SOFTEK', 'MM_AMC_MASTER', 'INSERT', 'SUJIT', '2017-02-18 06:23:04'),
(90, '4, 12, SSSPL/1617/SER/INV-170, 2016-09-08, 2016-07-01, 12, 2017-07-01, 28000, 15, 32200, 32200, 0', 'SOFTEK', 'MM_AMC_MASTER', 'INSERT', 'SUJIT', '2017-02-18 06:24:30'),
(91, '5, 13, SSSPL/1617/SER/INV-256, 2016-11-01, 2016-11-01, 12, 2017-11-01, 30000, 15, 34500, 34500, 0', 'SOFTEK', 'MM_AMC_MASTER', 'INSERT', 'SUJIT', '2017-02-18 06:35:16'),
(92, '6, 6, SSSPL/1617/SER/INV-465, 2017-02-08, 2017-02-11, 12, 2018-02-11, 30000, 15, 34500, 34500, 0', 'SOFTEK', 'MM_AMC_MASTER', 'INSERT', 'SUJIT', '2017-02-18 06:59:31'),
(93, '7, 14, SSSPL/1617/SER/INV-84, 2016-05-31, 2016-06-01, 12, 2017-06-01, 1, 0, 1, 0, 1', 'SOFTEK', 'MM_AMC_MASTER', 'INSERT', 'SUJIT', '2017-02-18 08:13:10'),
(94, '8, 16, SSSPL/1516/SER/INV-408, 2016-03-16, 2016-04-01, 12, 2017-04-01, 20000, 14.5, 22900, 22900, 0', 'SOFTEK', 'MM_AMC_MASTER', 'INSERT', 'SUJIT', '2017-02-18 08:16:17'),
(95, '9, 20, SSSPL/1617/SER/INV-357, 2016-12-15, 2016-06-01, 12, 2017-06-01, 85000, 15, 97750, 97750, 0', 'SOFTEK', 'MM_AMC_MASTER', 'INSERT', 'SUJIT', '2017-02-18 08:20:01'),
(96, '10, 22, SSSPL/1617/SER/INV-171, 2016-09-08, 2016-10-01, 12, 2017-10-01, 29130, 15, 33500, 33500, 0', 'SOFTEK', 'MM_AMC_MASTER', 'INSERT', 'SUJIT', '2017-02-18 08:21:46'),
(97, '53, BANKURA ARDB LTD, 5, , , , DEBASISH ADHIKARY, WEST BENGAL, BANKURA, , , , ', 'SOFTEK', 'MM_CLIENT_MASTER', 'UPDATE', 'ARITRA', '2017-02-18 08:24:55'),
(98, '55, BARA ANDULIA SKUS LTD, 1, , , , DEBASISH BERA, WEST BENGAL, NADIA, , , , ', 'SOFTEK', 'MM_CLIENT_MASTER', 'UPDATE', 'ARITRA', '2017-02-18 08:25:58'),
(99, '60, BARANAGAR CO-OP BANK LTD, 4, , , , DEBASISH ADHIKARY, WEST BENGAL, KOLKATA, , , , ', 'SOFTEK', 'MM_CLIENT_MASTER', 'UPDATE', 'ARITRA', '2017-02-18 08:27:14'),
(100, '61, BARISHA SKUS LTD, 1, , , , SUVENDU RAKSHIT, WEST BENGAL, PASCHIM MIDNAPORE, , , , ', 'SOFTEK', 'MM_CLIENT_MASTER', 'UPDATE', 'ARITRA', '2017-02-18 08:27:50'),
(101, '57, BARACHAUKI SKUS LTD, 1, , , , DEBASISH ADHIKARY, WEST BENGAL, ALIPURDUAR, , , , ', 'SOFTEK', 'MM_CLIENT_MASTER', 'UPDATE', 'ARITRA', '2017-02-18 08:28:23'),
(102, '63, BARRACKPUR POLICE COMMISSINERATE, 1, , , , DEBASISH ADHIKARY, WEST BENGAL, NORTH 24 PGS, , , , ', 'SOFTEK', 'MM_CLIENT_MASTER', 'UPDATE', 'ARITRA', '2017-02-18 08:29:11'),
(103, '63, BARRACKPUR POLICE COMMISSINERATE, 3, , , , DEBASISH ADHIKARY, WEST BENGAL, NORTH 24 PGS, , , , ', 'SOFTEK', 'MM_CLIENT_MASTER', 'UPDATE', 'ARITRA', '2017-02-18 08:29:45'),
(104, '67, BEDIBHAWAN JAJAKALYAN CO-OP.CREDIT SOCIETY, 2, , , , DEBASISH ADHIKARY, WEST BENGAL, NADIA, , , , ', 'SOFTEK', 'MM_CLIENT_MASTER', 'UPDATE', 'ARITRA', '2017-02-18 08:30:31'),
(105, '51, BANIHARI SKUS LTD, 1, , , , ARFI BILLAH MONDAL, WEST BENGAL, DAKHSHIN DINAJPUR, , , , ', 'SOFTEK', 'MM_CLIENT_MASTER', 'UPDATE', 'ARITRA', '2017-02-18 08:32:37'),
(106, '38, BAKCHARAN SKUS LTD, 2, , , , AMIT KR SINGH, WEST BENGAL, HOWRAH, , , , ', 'SOFTEK', 'MM_CLIENT_MASTER', 'UPDATE', 'ARITRA', '2017-02-18 08:33:20'),
(107, '3, ADADANGA SKUS LTD, 1, , , , ARFI BILLAH MONDAL, WEST BENGAL, MALDAH, , , , ', 'SOFTEK', 'MM_CLIENT_MASTER', 'UPDATE', 'ARITRA', '2017-02-18 08:34:16'),
(108, '69, BELMURI SKUS LTD, 1, , , , ARGHYA MONDAL, WEST BENGAL, BURDWAN, , , , ', 'SOFTEK', 'MM_CLIENT_MASTER', 'UPDATE', 'ARITRA', '2017-02-18 08:36:59'),
(109, '38, BAKCHARAN SKUS LTD, 2, , , , ARGHYA MONDAL, WEST BENGAL, NORTH 24 PGS, , , , ', 'SOFTEK', 'MM_CLIENT_MASTER', 'UPDATE', 'ARITRA', '2017-02-18 08:39:41'),
(110, '54, BANSBERA GPSKUS LTD, 1, , , , ARGHYA MONDAL, WEST BENGAL, PURULIA, , , , ', 'SOFTEK', 'MM_CLIENT_MASTER', 'UPDATE', 'ARITRA', '2017-02-18 08:40:39'),
(111, '58, BARADABAD PIPULDHYA SKUS LTD, 1, , , , ARGHYA MONDAL, WEST BENGAL, NORTH 24 PGS, , , , ', 'SOFTEK', 'MM_CLIENT_MASTER', 'UPDATE', 'ARITRA', '2017-02-18 08:41:26'),
(112, '68, BEGPUR SKUS LTD, 1, , , , ARGHYA MONDAL, WEST BENGAL, BURDWAN, , , , ', 'SOFTEK', 'MM_CLIENT_MASTER', 'UPDATE', 'ARITRA', '2017-02-18 08:42:15'),
(113, '70, BENGAL SECRETARIOT CO-OP SOCIETY LTD, 3, , , , NILKANTHA DAS, WEST BENGAL, KOLKATA, , , , ', 'SOFTEK', 'MM_CLIENT_MASTER', 'UPDATE', 'ARITRA', '2017-02-18 08:44:05'),
(114, '11, 25, SSSPL/1516/SER/INV-50, 2015-05-08, 2015-05-01, 12, 2016-05-01, 1, 0, 1, 0, 1', 'SOFTEK', 'MM_AMC_MASTER', 'INSERT', 'SUJIT', '2017-02-18 08:45:00'),
(115, '71, BERELA SECH O SKUS LTD, 1, , , , ARGHYA MONDAL, WEST BENGAL, HOOGHLY, , , , ', 'SOFTEK', 'MM_CLIENT_MASTER', 'UPDATE', 'ARITRA', '2017-02-18 08:45:40'),
(116, '72, BERHAMPORE URBAN CO-OP.CREDIT SOCIETY LTD, 2, , , , AMIT KR SINGH, WEST BENGAL, MURSHIDABAD, , , , ', 'SOFTEK', 'MM_CLIENT_MASTER', 'UPDATE', 'ARITRA', '2017-02-18 08:46:27'),
(117, '66, BASURIA UNION CO-OP AGRICULTURE CREDIT SOCIETY LTD, 1, , , , ARFI BILLAH MONDAL, WEST BENGAL, DAKHSHIN DINAJPUR, , , , ', 'SOFTEK', 'MM_CLIENT_MASTER', 'UPDATE', 'ARITRA', '2017-02-18 08:47:09'),
(118, '73, BERUI SKUS LTD, 1, , , , ARGHYA MONDAL, WEST BENGAL, HOOGHLY, , , , ', 'SOFTEK', 'MM_CLIENT_MASTER', 'UPDATE', 'ARITRA', '2017-02-18 08:47:54'),
(119, '74, BETAI SKUS LTD, 1, , , , ARGHYA MONDAL, WEST BENGAL, HOOGHLY, , , , ', 'SOFTEK', 'MM_CLIENT_MASTER', 'UPDATE', 'ARITRA', '2017-02-18 08:48:33'),
(120, '75, BHAGBANPUR SKUS LTD, 1, , , , ARFI BILLAH MONDAL, WEST BENGAL, UTTAR DINAJPUR, , , , ', 'SOFTEK', 'MM_CLIENT_MASTER', 'UPDATE', 'ARITRA', '2017-02-18 08:50:17'),
(121, '77, BHANUKUMARI GRAMIN SKUS LTD, 1, , , , DEBASISH ADHIKARY, WEST BENGAL, COOCHBEHAR, , , , ', 'SOFTEK', 'MM_CLIENT_MASTER', 'UPDATE', 'ARITRA', '2017-02-18 08:51:07'),
(122, '12, 30, SSSPL/1617/SER/INV-272, 2016-11-02, 2016-07-01, 12, 2017-07-01, 10000, 15, 11500, 11500, 0', 'SOFTEK', 'MM_AMC_MASTER', 'INSERT', 'SUJIT', '2017-02-18 08:52:28'),
(123, '78, BHATIBARI SKUS LTD, 1, , , , DEBASISH ADHIKARY, WEST BENGAL, ALIPURDUAR, , , , ', 'SOFTEK', 'MM_CLIENT_MASTER', 'UPDATE', 'ARITRA', '2017-02-18 08:52:35'),
(124, '13, 31, SSSPL/1516/SER/INV-97, 2015-06-05, 2015-06-01, 12, 2016-06-01, 1, 0, 1, 0, 1', 'SOFTEK', 'MM_AMC_MASTER', 'INSERT', 'SUJIT', '2017-02-18 08:53:56'),
(125, '50, BANGARIA SKUS LTD, 1, , , , DEBASISH BERA, WEST BENGAL, NADIA, , , , ', 'SOFTEK', 'MM_CLIENT_MASTER', 'UPDATE', 'ARITRA', '2017-02-18 08:54:27'),
(126, '14, AMBERIA SKUS LTD, 1, , , , SUVENDU RAKSHIT, WEST BENGAL, PASCHIM MIDNAPORE, , , , ', 'SOFTEK', 'MM_CLIENT_MASTER', 'UPDATE', 'ARITRA', '2017-02-18 08:55:09'),
(127, '14, 33, SSSPL/1617/SER/INV-64, 2016-05-26, 2016-05-01, 12, 2017-05-01, 20000, 14.5, 22900, 22900, 0', 'SOFTEK', 'MM_AMC_MASTER', 'INSERT', 'SUJIT', '2017-02-18 08:55:39'),
(128, '32, BABBYATARHAT SKUS LTD, 1, , , , CYBER INFOSYS, WEST BENGAL, PURBA MIDNAPORE, , , , ', 'SOFTEK', 'MM_CLIENT_MASTER', 'UPDATE', 'ARITRA', '2017-02-18 08:56:25'),
(129, '62, BARKHODA BHUBANESWARPUR SKUS LTD, 1, , , , DEBASISH ADHIKARY, WEST BENGAL, PURBA MIDNAPORE, , , , ', 'SOFTEK', 'MM_CLIENT_MASTER', 'UPDATE', 'ARITRA', '2017-02-18 08:58:54'),
(130, '23, ARUN KUNDU, 7, , , , AMIT KR SINGH, WEST BENGAL, KOLKATA, , , , ', 'SOFTEK', 'MM_CLIENT_MASTER', 'UPDATE', 'ARITRA', '2017-02-18 08:59:27'),
(131, '24, ASHOK DHANKUNI KHARAGPUR TOLLWAY LTD, 7, , , , AMIT KR SINGH, WEST BENGAL, HOWRAH, , , , ', 'SOFTEK', 'MM_CLIENT_MASTER', 'UPDATE', 'ARITRA', '2017-02-18 09:00:09'),
(132, '15, 34, SSSPL/1516/PRF/INV-403, 2016-03-07, 2017-02-01, 12, 2018-02-01, 60000, 15, 69000, 30000, 39000', 'SOFTEK', 'MM_AMC_MASTER', 'INSERT', 'SUJIT', '2017-02-18 09:00:23'),
(133, '56, BARABAZAR FEE PARKING CO-OP SO. LTD, 7, , , , AMIT KR SINGH, WEST BENGAL, KOLKATA, , , , ', 'SOFTEK', 'MM_CLIENT_MASTER', 'UPDATE', 'ARITRA', '2017-02-18 09:01:14'),
(134, '17, ANAND NARAYAN SINGH & SONS, 7, , , , , WEST BENGAL, HOWRAH, , , , ', 'SOFTEK', 'MM_CLIENT_MASTER', 'UPDATE', 'ARITRA', '2017-02-18 09:01:49'),
(135, '16, 35, SSSPL/1617/SER/INV-99, 2016-06-24, 2016-06-01, 12, 2017-06-01, 79500, 15, 91425, 91425, 0', 'SOFTEK', 'MM_AMC_MASTER', 'INSERT', 'SUJIT', '2017-02-18 09:01:56'),
(136, '11, BALAJI ETIM', 'SOFTEK', 'MM_PRODUCT_MASTER', 'INSERT', 'ARITRA', '2017-02-18 09:02:38'),
(137, '5, AFTAF CABLE VISION, 11, , , , , ODHISHA, OTHERS, , , , ', 'SOFTEK', 'MM_CLIENT_MASTER', 'UPDATE', 'ARITRA', '2017-02-18 09:03:25'),
(138, '17, 36, SSSPL/1516/SER/INV-205, 2015-09-21, 2015-04-01, 12, 2016-04-01, 8772, 14, 10000.00, 10000, 0', 'SOFTEK', 'MM_AMC_MASTER', 'INSERT', 'SUJIT', '2017-02-18 09:03:25'),
(139, '2, ACHIEVERS AGRI INDIA PVT LTD, 9, , , , , KARNATAK, OTHERS, , , , ', 'SOFTEK', 'MM_CLIENT_MASTER', 'UPDATE', 'ARITRA', '2017-02-18 09:03:48'),
(140, '18, 37, SSSPL/1617/SER/INV-392, 2017-01-06, 2017-01-01, 12, 2018-01-01, 15000, 15, 17250, 17250, 0', 'SOFTEK', 'MM_AMC_MASTER', 'INSERT', 'SUJIT', '2017-02-18 09:05:28'),
(141, '19, 38, SSSPL/1617/SER/INV-466, 2017-02-08, 2017-02-01, 12, 2018-02-01, 20000, 15, 23000, 23000, 0', 'SOFTEK', 'MM_AMC_MASTER', 'INSERT', 'SUJIT', '2017-02-18 09:10:05'),
(142, '20, 39, SSSPL/1617/SER/INV-172, 2016-09-08, 2016-07-01, 12, 2017-07-01, 12250, 15, 14088, 14088, 0', 'SOFTEK', 'MM_AMC_MASTER', 'INSERT', 'SUJIT', '2017-02-18 09:22:14'),
(143, '21, 41, SSSPL/1617/SER/INV-12, 2016-04-18, 2016-05-01, 12, 2017-05-01, 1, 0, 1, 0, 1', 'SOFTEK', 'MM_AMC_MASTER', 'INSERT', 'SUJIT', '2017-02-18 09:24:33'),
(144, '8, A.K. JAMES, 11, , , , AMIT KR SINGH, WEST BENGAL, KOLKATA, , , , ', 'SOFTEK', 'MM_CLIENT_MASTER', 'UPDATE', 'ARITRA', '2017-02-18 09:25:41'),
(145, '22, 42, SSSPL/1516/SER/INV-434, 2016-03-24, 2016-04-01, 12, 2017-04-01, 13100, 14.5, 15000, 15000, 0', 'SOFTEK', 'MM_AMC_MASTER', 'INSERT', 'SUJIT', '2017-02-18 09:25:48'),
(146, '23, 43, SSSPL/1516/SER/INV-83, 2015-05-27, 2015-06-01, 12, 2016-06-01, 1, 0, 1, 0, 1', 'SOFTEK', 'MM_AMC_MASTER', 'INSERT', 'SUJIT', '2017-02-18 09:27:14'),
(147, '52, BANIK FILLING STATION, 11, , , , AMIT KR SINGH, WEST BENGAL, HOOGHLY, , , , ', 'SOFTEK', 'MM_CLIENT_MASTER', 'UPDATE', 'ARITRA', '2017-02-18 09:28:08'),
(148, '24, 44, SSSPL/1617/SER/INV-257, 2016-11-01, 2016-11-01, 12, 2017-11-01, 13500, 15, 15525, 15525, 0', 'SOFTEK', 'MM_AMC_MASTER', 'INSERT', 'SUJIT', '2017-02-18 09:28:26'),
(149, '64, BASANTA CABLE, 11, , , , , ODHISHA, OTHERS, , , , ', 'SOFTEK', 'MM_CLIENT_MASTER', 'UPDATE', 'ARITRA', '2017-02-18 09:28:39'),
(150, '25, 45, SSSPL/1516/SER/INV-137, 2015-07-16, 2015-06-01, 12, 2016-06-01, 20000, 14, 22800, 22800, 0', 'SOFTEK', 'MM_AMC_MASTER', 'INSERT', 'SUJIT', '2017-02-18 09:29:49'),
(151, '79, BHATPARA NAIHATI CO-OP.BANK, 4, , , , AMIT KR SINGH, WEST BENGAL, NORTH 24 PGS, , , , ', 'SOFTEK', 'MM_CLIENT_MASTER', 'UPDATE', 'ARITRA', '2017-02-18 09:30:14'),
(152, '79, BHATPARA NAIHATI CO-OP.BANK, 11, , , , AMIT KR SINGH, WEST BENGAL, NORTH 24 PGS, , , , ', 'SOFTEK', 'MM_CLIENT_MASTER', 'UPDATE', 'ARITRA', '2017-02-18 09:30:57'),
(153, '81, BHATPARA SKUS LTD(BALURGHAT), 1, , , , ARFI BILLAH MONDAL, WEST BENGAL, DAKHSHIN DINAJPUR, , , , ', 'SOFTEK', 'MM_CLIENT_MASTER', 'UPDATE', 'ARITRA', '2017-02-18 09:31:36'),
(154, '83, BHOWANIPUR SKUS LTD, 1, , , , ARGHYA MONDAL, WEST BENGAL, HOOGHLY, , , , ', 'SOFTEK', 'MM_CLIENT_MASTER', 'UPDATE', 'ARITRA', '2017-02-18 09:32:11'),
(155, '85, BIDYANANDAPUR SKUS LTD, 1, , , , DEBASISH ADHIKARY, WEST BENGAL, UTTAR DINAJPUR, , , , ', 'SOFTEK', 'MM_CLIENT_MASTER', 'UPDATE', 'ARITRA', '2017-02-18 09:32:56'),
(156, '86, BIHAR CO-OP CREDIT SOCIETY LTD, 2, , , , AMIT KR SINGH, WEST BENGAL, OTHERS, , , , ', 'SOFTEK', 'MM_CLIENT_MASTER', 'UPDATE', 'ARITRA', '2017-02-18 09:33:39'),
(157, '82, BHAYNA SKUS LTD, 1, , , , DEBASISH BERA, WEST BENGAL, NADIA, , , , ', 'SOFTEK', 'MM_CLIENT_MASTER', 'UPDATE', 'ARITRA', '2017-02-18 09:35:18'),
(158, '26, 50, SSSPL/1516/SER/INV-387, 2016-03-04, 2016-03-01, 12, 2017-03-01, 1, 0, 1, 0, 1', 'SOFTEK', 'MM_AMC_MASTER', 'INSERT', 'SUJIT', '2017-02-18 09:36:09'),
(159, '87, BIJALKONA SKUS LTD, 1, , , , ARGHYA MONDAL, WEST BENGAL, HOOGHLY, , , , ', 'SOFTEK', 'MM_CLIENT_MASTER', 'UPDATE', 'ARITRA', '2017-02-18 09:37:31'),
(160, '88, BIJOY HALDER, 7, , , , DEBASISH ADHIKARY, WEST BENGAL, KOLKATA, , , , ', 'SOFTEK', 'MM_CLIENT_MASTER', 'UPDATE', 'ARITRA', '2017-02-18 09:38:45'),
(161, '89, BIRBHUM ARDB LTD, 5, , , , DEBASISH ADHIKARY, WEST BENGAL, BIRBHUM, , , , ', 'SOFTEK', 'MM_CLIENT_MASTER', 'UPDATE', 'ARITRA', '2017-02-18 09:39:26'),
(162, '90, BISHA PARA, 2, , , , , WEST BENGAL, KOLKATA, , , , ', 'SOFTEK', 'MM_CLIENT_MASTER', 'UPDATE', 'ARITRA', '2017-02-18 09:40:38'),
(163, '91, BISHNUPUR ROWTARA PRIMARY AGRICULTURE, 1, , , , DEBASISH ADHIKARY, WEST BENGAL, NADIA, , , , ', 'SOFTEK', 'MM_CLIENT_MASTER', 'UPDATE', 'ARITRA', '2017-02-18 09:41:06'),
(164, '92, BISHNUPUR TOWN CO-OP BANK, 4, , , , DEBASISH ADHIKARY, WEST BENGAL, BANKURA, , , , ', 'SOFTEK', 'MM_CLIENT_MASTER', 'UPDATE', 'ARITRA', '2017-02-18 09:42:20'),
(165, '27, 51, SSSPL/1617/SER/INV-73, 2016-05-31, 2016-06-01, 12, 2017-06-01, 1, 0, 1, 0, 1', 'SOFTEK', 'MM_AMC_MASTER', 'INSERT', 'SUJIT', '2017-02-18 09:42:33'),
(166, '93, BISWAS MATURI KASHIPUR BAMANARA SKUS, 1, , , , SUVENDU RAKSHIT, WEST BENGAL, PURBA MIDNAPORE, , , , ', 'SOFTEK', 'MM_CLIENT_MASTER', 'UPDATE', 'ARITRA', '2017-02-18 09:43:20'),
(167, '90, BISHA PARA, 2, , , , SUBHADIP BANERJEE, WEST BENGAL, KOLKATA, , , , ', 'SOFTEK', 'MM_CLIENT_MASTER', 'UPDATE', 'ARITRA', '2017-02-18 09:44:03'),
(168, '28, 53, SSSPL/1617/SER/INV-218, 2016-10-13, 2016-09-01, 12, 2016-12-01, 104000, 15, 119600, 119600, 0', 'SOFTEK', 'MM_AMC_MASTER', 'INSERT', 'SUJIT', '2017-02-18 09:44:22'),
(169, '95, BOINCHEE C.A.D.C BERELA SECH O SKUS LTD, 1, , , , ARGHYA MONDAL, WEST BENGAL, HOOGHLY, , , , ', 'SOFTEK', 'MM_CLIENT_MASTER', 'UPDATE', 'ARITRA', '2017-02-18 09:44:47'),
(170, '96, BOINICHI CADP FSCS LTD, 1, , , , ARGHYA MONDAL, WEST BENGAL, HOOGHLY, , , , ', 'SOFTEK', 'MM_CLIENT_MASTER', 'UPDATE', 'ARITRA', '2017-02-18 09:46:48'),
(171, '97, BOKARO STEEL EMPLOYEE CO-OP.CREDIT SOCIETY, 3, , , , SUBHADIP BANERJEE, WEST BENGAL, KOLKATA, , , , ', 'SOFTEK', 'MM_CLIENT_MASTER', 'UPDATE', 'ARITRA', '2017-02-18 09:47:21'),
(172, '98, BRAHAMANAGAR SKUS LTD, 11, , , , AMIT KR SINGH, WEST BENGAL, NADIA, , , , ', 'SOFTEK', 'MM_CLIENT_MASTER', 'UPDATE', 'ARITRA', '2017-02-18 09:48:35'),
(173, '29, 55, SSSPL/1617/SER/INV-467, 2017-02-08, 2017-02-01, 12, 2018-02-01, 20000, 15, 23000, 23000, 0', 'SOFTEK', 'MM_AMC_MASTER', 'INSERT', 'SUJIT', '2017-02-18 09:48:50'),
(174, '100, BADAMTHAM CCS LTD, 2, , , , SUBHADIP BANERJEE, WEST BENGAL, DARJEELING, , , , ', 'SOFTEK', 'MM_CLIENT_MASTER', 'UPDATE', 'ARITRA', '2017-02-18 09:49:54'),
(175, '101, BURAPAT SKUS LTD, 1, , , , SUBHADIP BANERJEE, WEST BENGAL, PASCHIM MIDNAPORE, , , , ', 'SOFTEK', 'MM_CLIENT_MASTER', 'UPDATE', 'ARITRA', '2017-02-18 09:51:01'),
(176, '102, BURDWAN ARDB, 5, , , , DEBASISH ADHIKARY, WEST BENGAL, BURDWAN, , , , ', 'SOFTEK', 'MM_CLIENT_MASTER', 'UPDATE', 'ARITRA', '2017-02-18 09:51:59'),
(177, '103, CALCUTTA FEE CAR PARKING CO-OP SOCIETY LTD, 11, , , , AMIT KR SINGH, WEST BENGAL, KOLKATA, , , , ', 'SOFTEK', 'MM_CLIENT_MASTER', 'UPDATE', 'ARITRA', '2017-02-18 09:52:50'),
(178, '104, CENTRAL BANK OF INDIA CO-OP. SOCIETY LTD, 3, , , , SUBHADIP BANERJEE, WEST BENGAL, KOLKATA, , , , ', 'SOFTEK', 'MM_CLIENT_MASTER', 'UPDATE', 'ARITRA', '2017-02-18 09:53:28'),
(179, '105, CHAK PURULIA SKUS LTD, 1, , , , DEBASISH ADHIKARY, WEST BENGAL, PURBA MIDNAPORE, , , , ', 'SOFTEK', 'MM_CLIENT_MASTER', 'UPDATE', 'ARITRA', '2017-02-18 09:54:48'),
(180, '30, 62, SSSPL/1516/SER/01, 2015-04-02, 2015-04-01, 12, 2016-04-01, 15000, 12.36, 16854, 16854, 0', 'SOFTEK', 'MM_AMC_MASTER', 'INSERT', 'SUJIT', '2017-02-18 09:56:05'),
(181, '107, CHAMPALI ANCHAL SKUS LTD, 1, , , , ARGHYA MONDAL, WEST BENGAL, NORTH 24 PGS, , , , ', 'SOFTEK', 'MM_CLIENT_MASTER', 'UPDATE', 'ARITRA', '2017-02-18 09:56:14'),
(182, '108, CHAMTA MADHABPUR SKUS LTD, 1, , , , DEBASISH ADHIKARY, WEST BENGAL, BANKURA, , , , ', 'SOFTEK', 'MM_CLIENT_MASTER', 'UPDATE', 'ARITRA', '2017-02-18 09:56:49'),
(183, '31, 66, SSSPL/1516/SER/INV-79, 2015-05-26, 2016-05-27, 12, 2017-05-27, 1, 0, 1, 0, 1', 'SOFTEK', 'MM_AMC_MASTER', 'INSERT', 'SUJIT', '2017-02-18 09:59:50'),
(184, '115, CHHINAMORE SKUS LTD, 1, , , , SUBHADIP BANERJEE, WEST BENGAL, HOOGHLY, , , , ', 'SOFTEK', 'MM_CLIENT_MASTER', 'UPDATE', 'ARITRA', '2017-02-18 10:01:22'),
(185, '111, CHARIANANTPUR S.K.U.S LTD, 1, , , , ARFI BILLAH MONDAL, WEST BENGAL, MALDAH, , , , ', 'SOFTEK', 'MM_CLIENT_MASTER', 'UPDATE', 'ARITRA', '2017-02-18 10:02:21'),
(186, '12, COLD STORAGE', 'SOFTEK', 'MM_PRODUCT_MASTER', 'INSERT', 'ARITRA', '2017-02-18 10:03:25'),
(187, '116, CHOTAKHELNA SKUS LTD, 1, , , , SUVENDU RAKSHIT, WEST BENGAL, PASCHIM MIDNAPORE, , , , ', 'SOFTEK', 'MM_CLIENT_MASTER', 'UPDATE', 'ARITRA', '2017-02-18 10:04:54'),
(188, '94, BN GHATAK COLD STORAGE, 12, , , , DEBASISH ADHIKARY, WEST BENGAL, BURDWAN, , , , ', 'SOFTEK', 'MM_CLIENT_MASTER', 'UPDATE', 'ARITRA', '2017-02-18 10:05:35'),
(189, '32, 67, SSSPL/1617/SER/INV-393, 2017-01-06, 2017-01-01, 12, 2018-01-01, 18000, 15, 20700, 20700, 0', 'SOFTEK', 'MM_AMC_MASTER', 'INSERT', 'SUJIT', '2017-02-18 10:05:51'),
(190, '118, CHOWHATTA SKUS LTD, 1, , , , DEBASISH ADHIKARY, WEST BENGAL, BIRBHUM, , , , ', 'SOFTEK', 'MM_CLIENT_MASTER', 'UPDATE', 'ARITRA', '2017-02-18 10:06:30'),
(191, '119, CHUKANIPARA SKUS LTD, 1, , , , ARFI BILLAH MONDAL, WEST BENGAL, JALPAIGURI, , , , ', 'SOFTEK', 'MM_CLIENT_MASTER', 'UPDATE', 'ARITRA', '2017-02-18 10:09:12'),
(192, '33, 69, SSSPL/1617/SER/INV-395, 2017-01-06, 2017-01-01, 12, 2018-01-01, 18695, 15, 21500, 21500, 0', 'SOFTEK', 'MM_AMC_MASTER', 'INSERT', 'SUJIT', '2017-02-18 10:10:04'),
(193, '120, CITIZEN URBAN C-OP BANK, 11, , , , ABRC, SIKKIM, OTHERS, , , , ', 'SOFTEK', 'MM_CLIENT_MASTER', 'UPDATE', 'ARITRA', '2017-02-18 10:11:28'),
(194, '34, 70, SSSPL/1617/SER/INV-311, 2016-12-02, 2016-11-01, 12, 2017-11-01, 18000, 15, 20700, 20700, 0', 'SOFTEK', 'MM_AMC_MASTER', 'INSERT', 'SUJIT', '2017-02-18 10:14:22'),
(195, '122, COAL MINES WORKER DEATH BENEFIT SOCIETY, 3, , , , ABRC, WEST BENGAL, BURDWAN, , , , ', 'SOFTEK', 'MM_CLIENT_MASTER', 'UPDATE', 'ARITRA', '2017-02-18 10:14:47'),
(196, '123, CONTAI CO OP. ARDB LTD, 5, , , , DEBASISH ADHIKARY, WEST BENGAL, PURBA MIDNAPORE, , , , ', 'SOFTEK', 'MM_CLIENT_MASTER', 'UPDATE', 'ARITRA', '2017-02-18 10:15:23'),
(197, '35, 71, SSSPL/1516/SER/INV-429, 2016-03-22, 2016-04-01, 12, 2017-04-01, 13974, 14.5, 16000, 16000, 0', 'SOFTEK', 'MM_AMC_MASTER', 'INSERT', 'SUJIT', '2017-02-18 10:15:54'),
(198, '124, COOCHBEHAR CO-OP.ARDB, 5, , , , DEBASISH ADHIKARY, WEST BENGAL, COOCHBEHAR, , , , ', 'SOFTEK', 'MM_CLIENT_MASTER', 'UPDATE', 'ARITRA', '2017-02-18 10:16:14'),
(199, '125, COSYN LIMITED, 11, , , , ABRC, WEST BENGAL, KOLKATA, , , , ', 'SOFTEK', 'MM_CLIENT_MASTER', 'UPDATE', 'ARITRA', '2017-02-18 10:17:05'),
(200, '36, 73, SSSPL/1516/SER/INV-433, 2016-03-24, 2016-04-01, 12, 2017-04-01, 21834, 14.5, 25000, 25000, 0', 'SOFTEK', 'MM_AMC_MASTER', 'INSERT', 'SUJIT', '2017-02-18 10:17:18'),
(201, '126, CSS TECHNERGY LTD, 11, , , , ABRC, WEST BENGAL, KOLKATA, , , , ', 'SOFTEK', 'MM_CLIENT_MASTER', 'UPDATE', 'ARITRA', '2017-02-18 10:17:39'),
(202, '13, DEALER / RESELLER', 'SOFTEK', 'MM_PRODUCT_MASTER', 'INSERT', 'ARITRA', '2017-02-18 10:18:49'),
(203, '37, 74, SSSPL/1516/SER/INV-405, 2016-03-09, 2016-04-01, 12, 2017-04-01, 15000, 14.5, 17175, 17175, 0', 'SOFTEK', 'MM_AMC_MASTER', 'INSERT', 'SUJIT', '2017-02-18 10:18:57'),
(204, '127, CYBER INFOSYS, 13, , , , , WEST BENGAL, PURBA MIDNAPORE, , , , ', 'SOFTEK', 'MM_CLIENT_MASTER', 'UPDATE', 'ARITRA', '2017-02-18 10:19:31'),
(205, '127, CYBER INFOSYS, 13, SWAPAN MANNA, PROP, , DEBASISH ADHIKARY, WEST BENGAL, PURBA MIDNAPORE, , , , ', 'SOFTEK', 'MM_CLIENT_MASTER', 'UPDATE', 'ARITRA', '2017-02-18 10:20:09'),
(206, '38, 75, SSSPL/1516/SER/INV-77, 2015-05-26, 2015-06-01, 12, 2016-06-01, 1, 0, 1, 0, 1', 'SOFTEK', 'MM_AMC_MASTER', 'INSERT', 'SUJIT', '2017-02-18 10:20:16'),
(207, '128, DAHARBUINCHA G.P.S.K.U.S. LTD, 1, , , , DEBASISH BERA, WEST BENGAL, NADIA, , , , ', 'SOFTEK', 'MM_CLIENT_MASTER', 'UPDATE', 'ARITRA', '2017-02-18 10:20:42'),
(208, '129, DAISAI SKUS LTD, 1, , , , NILKANTHA DAS, WEST BENGAL, PURBA MIDNAPORE, , , , ', 'SOFTEK', 'MM_CLIENT_MASTER', 'UPDATE', 'ARITRA', '2017-02-18 10:21:25'),
(209, '130, DAKHINAPAN SHOP HOLDERD M. SOCIETY, 11, , , , AMIT KR SINGH, WEST BENGAL, KOLKATA, , , , ', 'SOFTEK', 'MM_CLIENT_MASTER', 'UPDATE', 'ARITRA', '2017-02-18 10:22:01'),
(210, '132, DAKSHIN BARASAT SERVICE CO-OP SOCIETY LTD, 1, , , , ABRC, WEST BENGAL, SOUTH 24 PGS, , , , ', 'SOFTEK', 'MM_CLIENT_MASTER', 'UPDATE', 'ARITRA', '2017-02-18 10:22:57'),
(211, '39, 77, SSSPL/1516/PRF/INV-409, 2016-03-16, 2016-04-01, 12, 2017-04-01, 28821, 14.5, 33000, 33000, 0', 'SOFTEK', 'MM_AMC_MASTER', 'INSERT', 'SUJIT', '2017-02-18 10:23:09'),
(212, '131, DAKHIN DINAJPUR ARDB, 5, , , , DEBASISH ADHIKARY, WEST BENGAL, DAKHSHIN DINAJPUR, , , , ', 'SOFTEK', 'MM_CLIENT_MASTER', 'UPDATE', 'ARITRA', '2017-02-18 10:23:56'),
(213, '40, 78, SSSPL/1617/SER/INV-239, 2016-10-18, 2016-07-01, 12, 2017-07-01, 28000, 15, 32200, 32200, 0', 'SOFTEK', 'MM_AMC_MASTER', 'INSERT', 'SUJIT', '2017-02-18 10:24:08'),
(214, '41, 81, SSSPL/1617/SER/INV-78, 2016-05-31, 2016-06-01, 12, 2017-06-01, 1, 0, 1, 0, 1', 'SOFTEK', 'MM_AMC_MASTER', 'INSERT', 'SUJIT', '2017-02-18 10:25:35'),
(215, '134, DALBAR G.S SKUS LTD, 1, , , , DEBASISH ADHIKARY, WEST BENGAL, PURBA MIDNAPORE, , , , ', 'SOFTEK', 'MM_CLIENT_MASTER', 'UPDATE', 'ARITRA', '2017-02-18 10:28:25'),
(216, '135, DALUIBAZAR UNION CO-OP AGRI. CREDIT SOCIETY LTD, 1, , , , ARGHYA MONDAL, WEST BENGAL, BURDWAN, , , , ', 'SOFTEK', 'MM_CLIENT_MASTER', 'UPDATE', 'ARITRA', '2017-02-18 10:29:04'),
(217, '136, DAMDAMA SKUS LTD, 1, , , , ARFI BILLAH MONDAL, WEST BENGAL, DAKHSHIN DINAJPUR, , , , ', 'SOFTEK', 'MM_CLIENT_MASTER', 'UPDATE', 'ARITRA', '2017-02-18 10:29:42'),
(218, '137, DANTAN (PUYAN) SKUS LTD, 1, , , , SUVENDU RAKSHIT, WEST BENGAL, PASCHIM MIDNAPORE, , , , ', 'SOFTEK', 'MM_CLIENT_MASTER', 'UPDATE', 'ARITRA', '2017-02-18 10:30:29'),
(219, '42, 83, SSSPL/1617/SER/INV-452, 2017-02-02, 2017-02-01, 1, 2017-03-01, 10000, 15, 11500, 11500, 0', 'SOFTEK', 'MM_AMC_MASTER', 'INSERT', 'SUJIT', '2017-02-18 10:35:23'),
(220, '138, DARUKA SERVICE STATION, 11, , , , AMIT KR SINGH, WEST BENGAL, BANKURA, , , , ', 'SOFTEK', 'MM_CLIENT_MASTER', 'UPDATE', 'ARITRA', '2017-02-18 10:35:43'),
(221, '139, DAWAGURI SKUS LTD, 1, , , , DEBASISH ADHIKARY, WEST BENGAL, COOCHBEHAR, , , , ', 'SOFTEK', 'MM_CLIENT_MASTER', 'UPDATE', 'ARITRA', '2017-02-18 10:36:12'),
(222, '43, 84, NA, 2016-07-26, 2016-08-01, 12, 2016-12-01, 1, 0, 1, 0, 1', 'SOFTEK', 'MM_AMC_MASTER', 'INSERT', 'SUJIT', '2017-02-18 10:36:36'),
(223, '141, DEY PARA SKUS LTD, 1, , , , ARGHYA MONDAL, WEST BENGAL, HOOGHLY, , , , ', 'SOFTEK', 'MM_CLIENT_MASTER', 'UPDATE', 'ARITRA', '2017-02-18 10:37:21'),
(224, '44, 85, SSSPL/1617/SER/INV-342, 2016-12-08, 2016-10-15, 12, 2017-10-15, 30000, 15, 34500, 34500, 0', 'SOFTEK', 'MM_AMC_MASTER', 'INSERT', 'SUJIT', '2017-02-18 10:38:01'),
(225, '45, 86, SSSPL/1617/SER/INV-61, 2016-05-26, 2016-06-01, 12, 2017-06-01, 1, 0, 1, 0, 1', 'SOFTEK', 'MM_AMC_MASTER', 'INSERT', 'SUJIT', '2017-02-18 10:39:57'),
(226, '149, DESHRA LS PCAC SOCIETY LTD, 1, , , , NILKANTHA DAS, WEST BENGAL, BANKURA, , , , ', 'SOFTEK', 'MM_CLIENT_MASTER', 'UPDATE', 'ARITRA', '2017-02-18 10:40:14'),
(227, '148, DESHBONDHU SKUS LTD (JALPAIGURI), 1, , , , ARFI BILLAH MONDAL, WEST BENGAL, JALPAIGURI, , , , ', 'SOFTEK', 'MM_CLIENT_MASTER', 'UPDATE', 'ARITRA', '2017-02-18 10:40:41'),
(228, '147, DESHBANDHU SEVA SKUS LTD, 1, , , , SUVENDU RAKSHIT, WEST BENGAL, HOWRAH, , , , ', 'SOFTEK', 'MM_CLIENT_MASTER', 'UPDATE', 'ARITRA', '2017-02-18 10:41:35'),
(229, '144, DEBIPUR UCACS LTD, 1, , , , ARGHYA MONDAL, WEST BENGAL, BURDWAN, , , , ', 'SOFTEK', 'MM_CLIENT_MASTER', 'UPDATE', 'ARITRA', '2017-02-18 10:42:21'),
(230, '46, 89, SSSPL/1516/SER/INV-422, 2016-03-18, 2016-04-01, 12, 2017-04-01, 16000, 14.5, 18320, 18320, 0', 'SOFTEK', 'MM_AMC_MASTER', 'INSERT', 'SUJIT', '2017-02-18 10:42:40'),
(231, '47, 90, SSSPL/1516/SER/INV-360, 2016-02-22, 2016-03-01, 12, 2017-03-01, 1, 0, 1, 0, 1', 'SOFTEK', 'MM_AMC_MASTER', 'INSERT', 'SUJIT', '2017-02-18 10:43:37'),
(232, '151, DEULIA SKUS LTD, 1, , , , SUVENDU RAKSHIT, WEST BENGAL, PURBA MIDNAPORE, , , , ', 'SOFTEK', 'MM_CLIENT_MASTER', 'UPDATE', 'ARITRA', '2017-02-18 10:43:56'),
(233, '154, DHAMASIN & MULTI SKUS LTD, 1, , , , DEBASISH ADHIKARY, WEST BENGAL, HOOGHLY, , , , ', 'SOFTEK', 'MM_CLIENT_MASTER', 'UPDATE', 'ARITRA', '2017-02-18 10:44:48'),
(234, '155, DHARAMPUR ANCHAL SKUS LTD, 1, , , , ARFI BILLAH MONDAL, WEST BENGAL, MALDAH, , , , ', 'SOFTEK', 'MM_CLIENT_MASTER', 'UPDATE', 'ARITRA', '2017-02-18 10:45:32'),
(235, '48, 91, SSSPL/1516/SER/INV-40, 2015-05-04, 2015-03-01, 12, 2016-03-01, 45000, 12.36, 50562, 50562, 0', 'SOFTEK', 'MM_AMC_MASTER', 'INSERT', 'SUJIT', '2017-02-18 10:46:03'),
(236, '156, DILKANTHI SKUS LTD, 1, , , , ARFI BILLAH MONDAL, WEST BENGAL, UTTAR DINAJPUR, , , , ', 'SOFTEK', 'MM_CLIENT_MASTER', 'UPDATE', 'ARITRA', '2017-02-18 10:46:25'),
(237, '49, 92, SSSPL/1617/SER/INV-449, 2017-02-02, 2017-02-01, 1, 2017-03-01, 18000, 15, 20700, 20700, 0', 'SOFTEK', 'MM_AMC_MASTER', 'INSERT', 'SUJIT', '2017-02-18 10:46:56'),
(238, '157, DINGAKHOLA SKUS LTD, 1, , , , SUVENDU RAKSHIT, WEST BENGAL, HOWRAH, , , , ', 'SOFTEK', 'MM_CLIENT_MASTER', 'UPDATE', 'ARITRA', '2017-02-18 10:47:25'),
(239, '158, DISHA INDIA CAR PARKING SERVICE, 1, , , , AMIT KR SINGH, WEST BENGAL, KOLKATA, , , , ', 'SOFTEK', 'MM_CLIENT_MASTER', 'UPDATE', 'ARITRA', '2017-02-18 10:48:03'),
(240, '159, DOPUKURIA K.U.O.J.K.S.S.LTD, 1, , , , DEBASISH BERA, WEST BENGAL, MURSHIDABAD, , , , ', 'SOFTEK', 'MM_CLIENT_MASTER', 'UPDATE', 'ARITRA', '2017-02-18 10:48:34'),
(241, '161, DRMS LARGE SIXED MULTIPURPOSE CO-OP SOCIETY LTD, 6, , , , DEBASISH ADHIKARY, WEST BENGAL, BANKURA, , , , ', 'SOFTEK', 'MM_CLIENT_MASTER', 'UPDATE', 'ARITRA', '2017-02-18 10:49:22'),
(242, '50, 97, SSSPL/1516/SER/INV-380, 2016-03-02, 2016-04-01, 12, 2017-04-01, 16000, 14.5, 18320, 18320, 0', 'SOFTEK', 'MM_AMC_MASTER', 'INSERT', 'SUJIT', '2017-02-18 10:50:33'),
(243, '163, DURGAPUR BAILANI DHARAMBERI SKUS, 1, , , , ARGHYA MONDAL, WEST BENGAL, BURDWAN, , , , ', 'SOFTEK', 'MM_CLIENT_MASTER', 'UPDATE', 'ARITRA', '2017-02-18 10:50:44'),
(244, '163, DURGAPUR BAILANI DHARAMBERI SKUS, 1, , , , SUBHADIP BANERJEE, WEST BENGAL, SOUTH 24 PGS, , , , ', 'SOFTEK', 'MM_CLIENT_MASTER', 'UPDATE', 'ARITRA', '2017-02-18 10:51:39'),
(245, '51, 100, SSSPL/1516/SER/INV-326, 2016-01-18, 2015-12-01, 12, 2016-12-01, 25000, 14.5, 28625, 28625, 0', 'SOFTEK', 'MM_AMC_MASTER', 'INSERT', 'SUJIT', '2017-02-18 10:52:28'),
(246, '164, DURGAPUR PROJECTEMPLOYEE CO-OP CREDIT SOCITY LTD, 3, , , , DEBASISH ADHIKARY, WEST BENGAL, BURDWAN, , , , ', 'SOFTEK', 'MM_CLIENT_MASTER', 'UPDATE', 'ARITRA', '2017-02-18 10:53:45'),
(247, '52, 101, SSSPL/1516/PRF/INV-343, 2016-02-04, 2016-02-01, 12, 2017-02-01, 1, 0, 1, 0, 1', 'SOFTEK', 'MM_AMC_MASTER', 'INSERT', 'SUJIT', '2017-02-18 10:54:41'),
(248, '165, DURGAPUR PROJECT EMPLOYEES CO-OP. SO LTD, 3, , , , DEBASISH ADHIKARY, WEST BENGAL, BURDWAN, , , , ', 'SOFTEK', 'MM_CLIENT_MASTER', 'UPDATE', 'ARITRA', '2017-02-18 10:54:49'),
(249, '166, DURGA PUR UTTAR ANCHAL SKUS LTD, 1, , , , ARGHYA MONDAL, WEST BENGAL, BURDWAN, , , , ', 'SOFTEK', 'MM_CLIENT_MASTER', 'UPDATE', 'ARITRA', '2017-02-18 10:55:41'),
(250, '53, 102, SSSPL/1516/SER/INV-49, 2016-05-08, 2015-04-01, 36, 2018-04-01, 130000, 12.36, 146068, 146068, 0', 'SOFTEK', 'MM_AMC_MASTER', 'INSERT', 'SUJIT', '2017-02-18 10:56:33'),
(251, '167, DUTTPUR AMBAY POLLYO.K.U.S.I, 1, , , , ARGHYA MONDAL, WEST BENGAL, BURDWAN, , , , ', 'SOFTEK', 'MM_CLIENT_MASTER', 'UPDATE', 'ARITRA', '2017-02-18 10:57:06'),
(252, '54, 104, SSSPL/1516/SER/INV-406, 2016-03-09, 2016-04-01, 12, 2017-04-01, 25000, 14.5, 28625, 28625, 0', 'SOFTEK', 'MM_AMC_MASTER', 'INSERT', 'SUJIT', '2017-02-18 10:57:32'),
(253, '55, 107, SSSPL/1617/SER/INV-468, 2017-02-08, 2017-02-01, 12, 2018-02-01, 20000, 15, 23000, 23000, 0', 'SOFTEK', 'MM_AMC_MASTER', 'INSERT', 'SUJIT', '2017-02-18 10:59:08'),
(254, '56, 110, SSSPL/1516/SER/INV-73, 2015-05-26, 2015-06-01, 12, 2016-06-01, 1, 0, 1, 0, 1', 'SOFTEK', 'MM_AMC_MASTER', 'INSERT', 'SUJIT', '2017-02-18 11:01:28'),
(255, '57, 111, SSSPL/1617/SER/INV-107, 2016-07-07, 2016-04-01, 12, 2017-04-01, 20000, 15, 23000, 23000, 0', 'SOFTEK', 'MM_AMC_MASTER', 'INSERT', 'SUJIT', '2017-02-18 11:04:05'),
(256, '58, 112, SSSPL/1617/SER/INV-62, 2016-05-26, 2016-04-01, 12, 2017-04-01, 1, 0, 1, 0, 1', 'SOFTEK', 'MM_AMC_MASTER', 'INSERT', 'SUJIT', '2017-02-18 11:05:21'),
(257, '59, 115, SSSPL/1617/SER/INV-48, 2016-05-19, 2016-06-01, 12, 2017-06-01, 24750, 14.5, 28339, 28339, 0', 'SOFTEK', 'MM_AMC_MASTER', 'INSERT', 'SUJIT', '2017-02-18 11:08:36'),
(258, '42, 2, 8, 5, 12, 2017-02-20, 91959692,91959700,91959698,91959696,\r\n91959699,, SSSPL/1617/INV-640, ', 'DDS', 'SALES_MASTER', 'INSERT', 'AMITS', '2017-02-20 13:01:30'),
(259, '22, SOUVIK  DEY, VILL+ PO – KESHAPAT\r\nDIST – PURBA MEDINIPUR\r\nPIN – 721139, 9609654534, ', 'DDS', 'CLIENT_MASTER', 'INSERT', 'AMITS', '2017-02-20 13:03:07'),
(260, '43, 5, 22, 2, 12, 2017-02-20, 91959690,91959689,, SSSPL/1617/INV-641, ', 'DDS', 'SALES_MASTER', 'INSERT', 'AMITS', '2017-02-20 13:03:55'),
(261, '60, 119, SSSPL/1516/SER/INV-230, 2015-10-15, 2015-10-16, 12, 2016-10-16, 1, 0, 1, 0, 1', 'SOFTEK', 'MM_AMC_MASTER', 'INSERT', 'SUJIT', '2017-02-21 09:19:31'),
(262, '61, 123, SSSPL/1516/SER/INV-437, 2016-03-30, 2016-04-01, 12, 2017-04-01, 1, 0, 1, 0, 1', 'SOFTEK', 'MM_AMC_MASTER', 'INSERT', 'SUJIT', '2017-02-21 09:26:57'),
(263, '62, 124, SSSPL/1617/SER/INV-469, 2016-02-08, 2017-01-01, 3, 2017-04-01, 90000, 15, 103500, 103500, 0', 'SOFTEK', 'MM_AMC_MASTER', 'INSERT', 'SUJIT', '2017-02-21 09:55:09'),
(264, '63, 128, SSSPL/1617/SER/INV-109, 2016-07-07, 2016-04-01, 12, 2017-04-01, 11304, 15, 13000, 13000, 0', 'SOFTEK', 'MM_AMC_MASTER', 'INSERT', 'SUJIT', '2017-02-21 09:58:53'),
(265, '64, 129, SSSPL/1617/SER/INV-470, 2017-02-08, 2017-02-01, 12, 2018-02-01, 22500, 15, 25875, 25875, 0', 'SOFTEK', 'MM_AMC_MASTER', 'INSERT', 'SUJIT', '2017-02-21 10:00:21'),
(266, '65, 135, SSSPL/1516/SER/INV-435, 2016-03-29, 2016-04-01, 12, 2017-04-01, 25000, 14.5, 28625, 28625, 0', 'SOFTEK', 'MM_AMC_MASTER', 'INSERT', 'SUJIT', '2017-02-21 10:32:28'),
(267, '66, 136, SSSPL/1617/SER/INV-230, 2016-10-13, 2016-10-14, 12, 2017-10-14, 1, 0, 1, 0, 1', 'SOFTEK', 'MM_AMC_MASTER', 'INSERT', 'SUJIT', '2017-02-21 11:15:44'),
(268, '67, 137, NA1, 2016-06-21, 2016-07-01, 12, 2017-07-01, 1, 0, 1, 1, 0', 'SOFTEK', 'MM_AMC_MASTER', 'INSERT', 'SUJIT', '2017-02-21 11:18:28'),
(269, '68, 139, SSSPL/1516/SER/INV-257, 2015-11-10, 2015-10-01, 12, 2016-10-01, 30000, 15, 34500, 30000, 4500', 'SOFTEK', 'MM_AMC_MASTER', 'INSERT', 'SUJIT', '2017-02-21 11:19:54'),
(270, '69, 140, NA 2, 2016-10-13, 2016-10-14, 12, 2017-10-14, 1, 0, 1, 0, 1', 'SOFTEK', 'MM_AMC_MASTER', 'INSERT', 'SUJIT', '2017-02-21 11:20:51'),
(271, '70, 141, SSSPL/1617/SER/INV-175, 2016-09-08, 2016-09-01, 12, 2017-10-01, 25000, 15, 28750, 28750, 0', 'SOFTEK', 'MM_AMC_MASTER', 'INSERT', 'SUJIT', '2017-02-21 11:48:43'),
(272, '71, 144, SSSPL/1617/SER/INV-471, 2016-02-08, 2017-01-01, 12, 2018-01-01, 27000, 15, 31050, 31050, 0', 'SOFTEK', 'MM_AMC_MASTER', 'INSERT', 'SUJIT', '2017-02-21 12:02:27'),
(273, '72, 147, SSSPL/1617/SER/INV-219, 2016-10-13, 2016-09-01, 12, 2017-10-01, 30000, 15, 34500, 34500, 0', 'SOFTEK', 'MM_AMC_MASTER', 'INSERT', 'SUJIT', '2017-02-21 12:07:22'),
(274, '73, 148, SSSPL/1617/INV-99, 2016-05-31, 2016-06-01, 12, 2017-06-01, 1, 0, 1, 0, 1', 'SOFTEK', 'MM_AMC_MASTER', 'INSERT', 'SUJIT', '2017-02-21 12:08:42'),
(275, '74, 149, SSSPL/1516/SER/INV-272, 2015-12-03, 2015-12-01, 12, 2016-12-01, 25000, 14.5, 28625, 28625, 0', 'SOFTEK', 'MM_AMC_MASTER', 'INSERT', 'SUJIT', '2017-02-21 12:41:35'),
(276, '75, 151, SSSPL/1516/SER/INV-384, 2016-03-04, 2016-04-01, 12, 2017-04-01, 20000, 14.5, 22900, 22900, 0', 'SOFTEK', 'MM_AMC_MASTER', 'INSERT', 'SUJIT', '2017-02-21 12:45:01'),
(277, '76, 156, NA3, 2016-09-02, 2016-09-01, 12, 2017-08-31, 1, 0, 1, 0, 1', 'SOFTEK', 'MM_AMC_MASTER', 'INSERT', 'SUJIT', '2017-02-23 09:53:21'),
(278, '77, 157, SSSPL/1617/SER/INV-13, 2016-04-18, 2016-04-01, 12, 2017-04-01, 17664, 14.5, 20225.00, 20225, 0', 'SOFTEK', 'MM_AMC_MASTER', 'INSERT', 'SUJIT', '2017-02-23 09:55:01'),
(279, '78, 163, NA4, 2016-06-28, 2016-07-01, 12, 2017-07-01, 1, 0, 1, 0, 1', 'SOFTEK', 'MM_AMC_MASTER', 'INSERT', 'SUJIT', '2017-02-25 05:44:02'),
(280, '79, 165, SSSPL/1617/SER/INV-110, 2016-07-07, 2016-04-01, 12, 2017-04-01, 31861, 15, 36640, 36640, 0', 'SOFTEK', 'MM_AMC_MASTER', 'INSERT', 'SUJIT', '2017-02-25 05:45:55'),
(281, '80, 166, SSSPL/1415/INV-296/SER, 2015-03-03, 2016-04-01, 12, 2017-04-01, 1, 0, 1, 0, 1', 'SOFTEK', 'MM_AMC_MASTER', 'INSERT', 'SUJIT', '2017-02-25 05:53:03'),
(282, '81, 167, SSSPL/1617/SER/INV-37, 2016-05-11, 2016-06-01, 12, 2017-06-01, 15000, 14.5, 17175, 17175, 0', 'SOFTEK', 'MM_AMC_MASTER', 'INSERT', 'SUJIT', '2017-02-25 05:54:14'),
(283, '82, 168, SSSPL/1617/SER/INV-177, 2016-09-08, 2016-08-01, 12, 2017-09-01, 13500, 15, 15525, 15525, 0', 'SOFTEK', 'MM_AMC_MASTER', 'INSERT', 'SUJIT', '2017-02-25 05:57:44'),
(284, '83, 170, SSSPL/1516/PRF/INV-74, 2015-05-26, 2015-06-01, 12, 2016-06-01, 1, 0, 1, 0, 1', 'SOFTEK', 'MM_AMC_MASTER', 'INSERT', 'SUJIT', '2017-02-25 06:00:01'),
(285, '84, 171, SSSPL/1516/SER/INV-71, 2015-05-20, 2015-04-01, 12, 2016-04-01, 18000, 12.36, 20225, 20225, 0', 'SOFTEK', 'MM_AMC_MASTER', 'INSERT', 'SUJIT', '2017-02-25 06:01:19'),
(286, '85, 178, SSSPL/1617/SER/INV-74, 2016-05-31, 2016-06-01, 12, 2017-06-01, 1, 0, 1, 0, 1', 'SOFTEK', 'MM_AMC_MASTER', 'INSERT', 'SUJIT', '2017-02-25 06:05:23'),
(287, '86, 183, SSSPL/1617/SER/INV-258, 2016-11-01, 2016-06-01, 12, 2017-06-01, 25000, 15, 28750, 28750, 0', 'SOFTEK', 'MM_AMC_MASTER', 'INSERT', 'SUJIT', '2017-02-25 06:07:49'),
(288, '87, 184, SSSPL/1516/SER/INV-342, 2016-02-04, 2016-02-01, 12, 2017-02-01, 1, 0, 1, 0, 1', 'SOFTEK', 'MM_AMC_MASTER', 'INSERT', 'SUJIT', '2017-02-25 06:10:00'),
(289, '23, SUBARNABIHAR SKUS LTD, P.O.- AMGHATA , NADIA, 0000000000, ', 'DDS', 'CLIENT_MASTER', 'INSERT', 'AMITS', '2017-02-25 06:20:26'),
(290, '24, GORANBOSE SKUS LTD, SOUTH 24 PAG, 0000000000, ', 'DDS', 'CLIENT_MASTER', 'INSERT', 'AMITS', '2017-02-25 06:21:51'),
(291, '44, 2, 24, 1, 12, 2017-02-24, 91959685,, SSSPL/1617/INV-657, ', 'DDS', 'SALES_MASTER', 'INSERT', 'AMITS', '2017-02-25 06:23:10'),
(292, '88, 188, SSSPL/1516/SER/INV-253, 2015-11-09, 2015-11-01, 12, 2016-11-01, 1, 0, 1, 0, 1', 'SOFTEK', 'MM_AMC_MASTER', 'INSERT', 'SUJIT', '2017-02-25 06:23:51'),
(293, '89, 189, SSSPL/1617/SER/INV-178, 2016-09-08, 2016-08-01, 12, 2017-09-01, 15000, 15, 17250, 17250, 0', 'SOFTEK', 'MM_AMC_MASTER', 'INSERT', 'SUJIT', '2017-02-25 06:24:50'),
(294, '90, 190, SSSPL/1617/SER/INV-354, 2016-12-15, 2016-12-01, 3, 2017-03-01, 40000, 15, 46000, 46000, 0', 'SOFTEK', 'MM_AMC_MASTER', 'INSERT', 'SUJIT', '2017-02-25 06:25:55'),
(295, '44, 2, 24, 1, 12, 2017-02-24, , SSSPL/1617/INV-656, ', 'DDS', 'SALES_MASTER', 'UPDATE', 'AMITS', '2017-02-25 06:26:08'),
(296, '91, 191, SSSPL/1617/SER/INV-70, 2016-05-30, 2016-06-01, 12, 2017-06-01, 150000, 14.5, 171750, 171750, 0', 'SOFTEK', 'MM_AMC_MASTER', 'INSERT', 'SUJIT', '2017-02-25 06:28:11'),
(297, '92, 194, SSSPL/1617/SER/INV-38, 2016-05-11, 2016-06-01, 12, 2017-06-01, 15000, 14.5, 17175, 17175, 0', 'SOFTEK', 'MM_AMC_MASTER', 'INSERT', 'SUJIT', '2017-02-25 06:30:35'),
(298, '93, 195, SSSPL/1617/SER/INV-259, 2016-11-01, 2016-11-01, 12, 2017-11-01, 13500, 15, 15525, 15525, 0', 'SOFTEK', 'MM_AMC_MASTER', 'INSERT', 'SUJIT', '2017-02-25 06:31:23'),
(299, '94, 196, SSSPL/1516/SER/INV-295, 2015-12-21, 2015-11-01, 12, 2016-11-01, 25000, 14.5, 28625, 28625, 0', 'SOFTEK', 'MM_AMC_MASTER', 'INSERT', 'SUJIT', '2017-02-25 06:32:50'),
(300, '95, 203, SSSPL/1617/SER/INV-472, 2017-02-08, 2017-02-01, 12, 2018-02-01, 20000, 15, 23000, 23000, 0', 'SOFTEK', 'MM_AMC_MASTER', 'INSERT', 'SUJIT', '2017-02-25 06:34:55'),
(301, '96, 205, NA5, 2017-02-09, 2017-02-01, 12, 2018-02-01, 1, 0, 1, 0, 1', 'SOFTEK', 'MM_AMC_MASTER', 'INSERT', 'SUJIT', '2017-02-25 06:36:30'),
(302, '97, 206, SSSPL/1516/SER/INV-283, 2015-12-16, 2016-01-01, 12, 2017-01-01, 1, 0, 1, 0, 1', 'SOFTEK', 'MM_AMC_MASTER', 'INSERT', 'SUJIT', '2017-02-25 06:37:48'),
(303, '98, 208, SSSPL/1516/SER/INV-103, 2015-06-15, 2016-06-15, 12, 2017-06-15, 1, 0, 1, 0, 1', 'SOFTEK', 'MM_AMC_MASTER', 'INSERT', 'SUJIT', '2017-02-25 06:39:47'),
(304, '99, 209, SSSPL/1516/SER/INV-386, 2016-03-04, 2016-03-01, 12, 2017-03-01, 1, 0, 1, 0, 1', 'SOFTEK', 'MM_AMC_MASTER', 'INSERT', 'SUJIT', '2017-02-25 06:40:49'),
(305, '100, 210, SSSPL/1617/SER/INV-220, 2016-10-13, 2016-10-01, 6, 2017-04-01, 30000, 15, 34500, 34500, 0', 'SOFTEK', 'MM_AMC_MASTER', 'INSERT', 'SUJIT', '2017-02-25 06:42:21'),
(306, '101, 211, SSSPL/1617/SER/INV-473, 2017-02-08, 2016-12-01, 12, 2017-12-01, 16522, 15, 19000, 19000, 0', 'SOFTEK', 'MM_AMC_MASTER', 'INSERT', 'SUJIT', '2017-02-25 06:43:25'),
(307, '102, 214, SSSPL/1617/SER/INV-221, 2016-10-13, 2016-10-01, 12, 2017-10-01, 20000, 15, 23000, 23000, 0', 'SOFTEK', 'MM_AMC_MASTER', 'INSERT', 'SUJIT', '2017-02-25 06:45:42');
INSERT INTO `mm_log_master` (`log_id`, `description`, `department`, `table_name`, `operation`, `user_id`, `date_time`) VALUES
(308, '103, 215, SSSPL/1617/SER/INV-476, 2017-02-08, 2017-02-01, 12, 2018-02-01, 15000, 15, 17250, 17250, 0', 'SOFTEK', 'MM_AMC_MASTER', 'INSERT', 'SUJIT', '2017-02-25 06:46:46'),
(309, '104, 216, SSSPL/1617/SER/INV-236, 2016-10-17, 2016-09-14, 12, 2017-09-14, 16000, 15, 18400, 18400, 0', 'SOFTEK', 'MM_AMC_MASTER', 'INSERT', 'SUJIT', '2017-02-25 06:48:34'),
(310, '105, 217, SSSPL/1617/SER/INV-346, 2016-12-08, 2016-08-16, 12, 2017-08-15, 25000, 0, 25000, 25000, 0', 'SOFTEK', 'MM_AMC_MASTER', 'INSERT', 'SUJIT', '2017-02-25 06:51:27'),
(311, '106, 218, SSSPL/1516/SER/INV-215, 2016-10-05, 2016-10-01, 12, 2017-10-01, 1, 0, 1, 0, 1', 'SOFTEK', 'MM_AMC_MASTER', 'INSERT', 'SUJIT', '2017-02-25 06:52:21'),
(312, '107, 219, SSS/INV–255/1415/SER, 2015-02-02, 2014-12-01, 12, 2015-12-01, 15000, 12.36, 16854, 16854, 0', 'SOFTEK', 'MM_AMC_MASTER', 'INSERT', 'SUJIT', '2017-02-25 06:54:22'),
(313, '108, 222, SSSPL/1617/SER/INV-179, 2016-09-08, 2016-08-01, 12, 2017-10-01, 30000, 15, 34500, 34500, 0', 'SOFTEK', 'MM_AMC_MASTER', 'INSERT', 'SUJIT', '2017-02-25 06:55:51'),
(314, '109, 224, SSSPL/1617/SER/INV-228, 2016-10-13, 2016-10-01, 12, 2017-10-01, 1, 0, 1, 0, 1', 'SOFTEK', 'MM_AMC_MASTER', 'INSERT', 'SUJIT', '2017-02-25 06:58:15'),
(315, '110, 225, SSSPL/1617/SER/INV-136, 2016-08-05, 2016-07-15, 18, 2018-12-15, 22500, 15, 25875, 25875, 0', 'SOFTEK', 'MM_AMC_MASTER', 'INSERT', 'SUJIT', '2017-02-25 07:03:43'),
(316, '111, 226, SSSPL/1516SER/INV-145, 2015-07-24, 2015-08-01, 12, 2016-09-01, 1, 0, 1, 0, 1', 'SOFTEK', 'MM_AMC_MASTER', 'INSERT', 'SUJIT', '2017-02-25 07:04:53'),
(317, '112, 227, SSSPL/1617/SER/INV-141, 2016-08-16, 2016-09-01, 12, 2016-12-01, 1, 0, 1, 0, 1', 'SOFTEK', 'MM_AMC_MASTER', 'INSERT', 'SUJIT', '2017-02-25 07:05:52'),
(318, '113, 234, SSSPL/1617/SER/INV-233, 2016-10-13, 2016-10-01, 12, 2017-10-01, 1, 0, 1, 0, 1', 'SOFTEK', 'MM_AMC_MASTER', 'INSERT', 'SUJIT', '2017-02-25 07:07:46'),
(319, '114, 237, SSSPL/1617/SER/INV-478, 2017-02-08, 2017-02-01, 12, 2018-02-01, 20000, 15, 23000, 23000, 0', 'SOFTEK', 'MM_AMC_MASTER', 'INSERT', 'SUJIT', '2017-02-25 07:11:53'),
(320, '115, 241, SSSPL/1516/SER/INV-348, 2016-02-12, 2016-03-01, 12, 2017-03-01, 1, 0, 1, 0, 1', 'SOFTEK', 'MM_AMC_MASTER', 'INSERT', 'SUJIT', '2017-02-25 07:25:24'),
(321, '116, 242, SSSPL/1516/SER/INV-352, 2016-02-18, 2016-03-01, 12, 2017-03-01, 20000, 14.5, 22900, 22900, 0', 'SOFTEK', 'MM_AMC_MASTER', 'INSERT', 'SUJIT', '2017-02-25 07:28:27'),
(322, '117, 244, SSSPL/1617/SER/INV-181, 2016-09-08, 2016-09-01, 12, 2017-09-01, 20000, 15, 23000, 23000, 0', 'SOFTEK', 'MM_AMC_MASTER', 'INSERT', 'SUJIT', '2017-02-25 07:30:54'),
(323, '118, 246, SSSPL/1617/SER/INV-261, 2016-11-01, 2016-10-01, 6, 2017-04-01, 10000, 15, 11500, 11500, 0', 'SOFTEK', 'MM_AMC_MASTER', 'INSERT', 'SUJIT', '2017-02-25 07:33:02'),
(324, '119, 248, SSSPL/1516/SER/INV-424, 2016-03-21, 2016-04-01, 12, 2017-04-01, 15000, 14.5, 17175, 17175, 0', 'SOFTEK', 'MM_AMC_MASTER', 'INSERT', 'SUJIT', '2017-02-25 07:35:19'),
(325, '120, 251, SSSPL/1617/SER/INV-400, 2017-01-06, 2017-01-01, 12, 2018-01-01, 17391, 15, 20000, 20000, 0', 'SOFTEK', 'MM_AMC_MASTER', 'INSERT', 'SUJIT', '2017-02-25 07:39:04'),
(326, '121, 253, SSSPL/1617/SER/INV-182, 2016-09-08, 2016-09-01, 12, 2017-09-01, 35000, 15, 40250, 40250, 0', 'SOFTEK', 'MM_AMC_MASTER', 'INSERT', 'SUJIT', '2017-02-25 07:44:13'),
(327, '122, 254, SSSPL/1516/SER/INV-359, 2016-02-22, 2016-03-01, 12, 2017-03-01, 1, 0, 1, 0, 1', 'SOFTEK', 'MM_AMC_MASTER', 'INSERT', 'SUJIT', '2017-02-25 07:45:29'),
(328, '123, 257, SSSPL/1617/SER/INV-451, 2017-02-02, 2017-02-01, 1, 2017-03-01, 5500, 15, 6325, 6325, 0', 'SOFTEK', 'MM_AMC_MASTER', 'INSERT', 'SUJIT', '2017-02-25 07:47:13'),
(329, '124, 260, SSSPL/1617/SER/INV-271, 2016-11-02, 2016-11-01, 12, 2017-11-01, 21739, 15, 25000, 25000, 0', 'SOFTEK', 'MM_AMC_MASTER', 'INSERT', 'SUJIT', '2017-02-25 07:48:22'),
(330, '125, 262, SSSPL/1516/SER/INV-389, 2016-03-07, 2016-04-01, 12, 2017-04-01, 20500, 14.5, 23473, 23473, 0', 'SOFTEK', 'MM_AMC_MASTER', 'INSERT', 'SUJIT', '2017-02-25 07:49:28'),
(331, '126, 263, SSSPL/1617/SER/INV-262, 2016-11-01, 2016-10-01, 12, 2017-10-01, 20000, 15, 23000, 23000, 0', 'SOFTEK', 'MM_AMC_MASTER', 'INSERT', 'SUJIT', '2017-02-25 07:50:27'),
(332, '127, 264, SSSPL/1617/SER/INV-5, 2016-04-05, 2016-04-01, 12, 2017-04-01, 20000, 14.5, 22900, 22900, 0', 'SOFTEK', 'MM_AMC_MASTER', 'INSERT', 'SUJIT', '2017-02-25 08:36:41'),
(333, '128, 265, SSSPL/1617/SER/INV-183, 2016-09-08, 2016-09-01, 12, 2017-10-01, 20000, 15, 23000, 23000, 0', 'SOFTEK', 'MM_AMC_MASTER', 'INSERT', 'SUJIT', '2017-02-25 08:38:36'),
(334, '129, 266, SSSPL/1617/SER/INV-122, 2016-07-18, 2016-07-01, 12, 2017-07-01, 20000, 15, 23000, 23000, 0', 'SOFTEK', 'MM_AMC_MASTER', 'INSERT', 'SUJIT', '2017-02-25 08:39:38'),
(335, '130, 268, NA6, 2016-05-31, 2016-06-01, 12, 2017-06-01, 1, 0, 1, 0, 1', 'SOFTEK', 'MM_AMC_MASTER', 'INSERT', 'SUJIT', '2017-02-25 08:40:38'),
(336, '131, 270, SSSPL/1516/SER/INV-186, 2015-09-04, 2015-09-01, 12, 2016-09-01, 1, 0, 1, 0, 1', 'SOFTEK', 'MM_AMC_MASTER', 'INSERT', 'SUJIT', '2017-02-25 08:42:14'),
(337, '132, 271, SSSPL/1516/SER/INV-368, 2016-02-29, 2017-03-01, 12, 2018-03-01, 15000, 15, 17250, 17250, 0', 'SOFTEK', 'MM_AMC_MASTER', 'INSERT', 'SUJIT', '2017-02-25 08:45:35'),
(338, '133, 272, SSSPL/1516/SER/INV-428, 2016-03-22, 2016-04-01, 12, 2017-04-01, 17467, 14.5, 20000, 20000, 0', 'SOFTEK', 'MM_AMC_MASTER', 'INSERT', 'SUJIT', '2017-02-25 08:48:20'),
(339, '134, 275, SSSPL/1617/SER/INV-40, 2016-05-11, 2016-04-01, 12, 2017-04-01, 25000, 14.5, 28625, 28625, 0', 'SOFTEK', 'MM_AMC_MASTER', 'INSERT', 'SUJIT', '2017-02-25 08:49:29'),
(340, '135, 276, SSSPL/1516/SER /INV-217, 2015-10-05, 2015-08-01, 12, 2015-12-01, 40000, 14, 45600, 45600, 0', 'SOFTEK', 'MM_AMC_MASTER', 'INSERT', 'SUJIT', '2017-02-25 08:50:22'),
(341, '136, 277, SSSPL/1617/SER/INV-47, 2016-05-18, 2016-06-01, 12, 2017-06-01, 1, 0, 1, 0, 1', 'SOFTEK', 'MM_AMC_MASTER', 'INSERT', 'SUJIT', '2017-02-25 08:55:14'),
(342, '137, 278, SSSPL/1516/SER/INV-224, 2015-10-09, 2016-10-01, 12, 2017-10-01, 1, 0, 1, 0, 1', 'SOFTEK', 'MM_AMC_MASTER', 'INSERT', 'SUJIT', '2017-02-25 08:56:17'),
(343, '138, 280, SSS/INV–09/1415/SER, 2014-04-01, 2014-04-01, 12, 2015-04-01, 20000, 12.36, 22472, 22472, 0', 'SOFTEK', 'MM_AMC_MASTER', 'INSERT', 'SUJIT', '2017-02-25 08:58:23'),
(344, '139, 282, SSSPL/1516/SER/INV-410, 2016-03-16, 2016-04-01, 12, 2017-04-01, 15000, 14.5, 17175, 17175, 0', 'SOFTEK', 'MM_AMC_MASTER', 'INSERT', 'SUJIT', '2017-02-25 08:59:32'),
(345, '140, 283, NA7, 2016-07-01, 2016-07-01, 12, 2017-07-01, 1, 0, 1, 0, 1', 'SOFTEK', 'MM_AMC_MASTER', 'INSERT', 'SUJIT', '2017-02-25 09:00:22'),
(346, '141, 284, SSSPL/1516/SER/INV-242, 2015-11-05, 2015-11-01, 12, 2016-11-01, 1, 0, 1, 0, 1', 'SOFTEK', 'MM_AMC_MASTER', 'INSERT', 'SUJIT', '2017-02-25 09:01:52'),
(347, '142, 288, SSSPL/1516/SER/INV-95, 2015-06-05, 2015-06-01, 12, 2016-06-01, 1, 0, 1, 0, 1', 'SOFTEK', 'MM_AMC_MASTER', 'INSERT', 'SUJIT', '2017-02-25 09:03:47'),
(348, '143, 289, SSSPL/1617/SER/INV-121, 2016-07-18, 2016-07-01, 12, 2017-07-01, 30000, 15, 34500, 34500, 0', 'SOFTEK', 'MM_AMC_MASTER', 'INSERT', 'SUJIT', '2017-02-25 09:04:41'),
(349, '144, 292, SSSPL/1617/INV-613, 2017-02-09, 2017-02-01, 12, 2018-02-01, 1, 0, 1, 0, 1', 'SOFTEK', 'MM_AMC_MASTER', 'INSERT', 'SUJIT', '2017-02-25 09:11:26'),
(350, '145, 294, SSSPL/1516/SER/INV-169, 2015-08-17, 2015-09-01, 12, 2016-10-01, 1, 0, 1, 0, 1', 'SOFTEK', 'MM_AMC_MASTER', 'INSERT', 'SUJIT', '2017-02-25 09:12:51'),
(351, '146, 295, SSSPL/1617/INV-651, 2017-02-22, 2017-03-01, 12, 2018-03-01, 1, 0, 1, 0, 1', 'SOFTEK', 'MM_AMC_MASTER', 'INSERT', 'SUJIT', '2017-02-25 09:14:21'),
(352, '147, 296, SSSPL/1516/SER/INV-349, 2016-02-12, 2016-02-01, 12, 2017-02-01, 18000, 14.5, 20610, 20610, 0', 'SOFTEK', 'MM_AMC_MASTER', 'INSERT', 'SUJIT', '2017-02-25 09:16:24'),
(353, '148, 300, SSSPL/1516/SER/INV-419, 2016-03-18, 2016-03-01, 12, 2017-03-01, 1, 0, 1, 0, 1', 'SOFTEK', 'MM_AMC_MASTER', 'INSERT', 'SUJIT', '2017-02-25 09:20:15'),
(354, '149, 303, SSSPL/1516/SER/INV-418, 2016-03-18, 2016-03-01, 12, 2017-03-01, 15721, 14.5, 18000, 18000, 0', 'SOFTEK', 'MM_AMC_MASTER', 'INSERT', 'SUJIT', '2017-02-25 09:22:16'),
(355, '150, 305, SSSPL/1617/SER/INV-246, 2016-10-21, 2017-01-21, 6, 2017-07-21, 35000, 15, 40250, 0, 40250', 'SOFTEK', 'MM_AMC_MASTER', 'INSERT', 'SUJIT', '2017-02-25 09:26:16'),
(356, '151, 309, SSSPL/1516/SER/INV-294, 2016-12-21, 2017-03-01, 12, 2018-03-01, 24000, 15, 27600, 27600, 0', 'SOFTEK', 'MM_AMC_MASTER', 'INSERT', 'SUJIT', '2017-02-25 09:28:29'),
(357, '152, 310, NA8, 2017-01-19, 2017-02-01, 12, 2018-02-01, 1, 0, 1, 0, 1', 'SOFTEK', 'MM_AMC_MASTER', 'INSERT', 'SUJIT', '2017-02-25 09:43:19'),
(358, '153, 311, SSSPL/1617/SER/INV-506, 2017-02-23, 2017-03-01, 12, 2018-03-01, 20000, 15, 23000, 23000, 0', 'SOFTEK', 'MM_AMC_MASTER', 'INSERT', 'SUJIT', '2017-02-25 09:44:42'),
(359, '154, 312, SSSPL/1617/SER/INV-360, 2016-12-15, 2016-12-15, 12, 2017-12-15, 1, 0, 1, 0, 1', 'SOFTEK', 'MM_AMC_MASTER', 'INSERT', 'SUJIT', '2017-02-25 09:45:57'),
(360, '155, 313, SSSPL/1617/SER/INV-269, 2016-11-02, 2016-11-01, 12, 2017-11-01, 28000, 15, 32200, 32200, 0', 'SOFTEK', 'MM_AMC_MASTER', 'INSERT', 'SUJIT', '2017-02-25 09:50:06'),
(361, '156, 315, SSSPL/1516/SER/INV-407, 2016-03-09, 2016-03-01, 12, 2017-03-01, 18000, 14.5, 20610, 20610, 0', 'SOFTEK', 'MM_AMC_MASTER', 'INSERT', 'SUJIT', '2017-02-25 09:51:16'),
(362, '157, 316, SSSPL/1617/SER/INV-263, 2016-11-01, 2016-11-01, 12, 2017-11-01, 30000, 15, 34500, 34500, 0', 'SOFTEK', 'MM_AMC_MASTER', 'INSERT', 'SUJIT', '2017-02-25 09:52:07'),
(363, '158, 318, SSSPL/1617/SER/INV-223, 2016-10-13, 2016-09-01, 12, 2017-10-01, 18000, 15, 20700, 20700, 0', 'SOFTEK', 'MM_AMC_MASTER', 'INSERT', 'SUJIT', '2017-02-25 09:53:20'),
(364, '159, 319, SSSPL/1617/SER/INV-80, 2016-05-31, 2016-06-01, 12, 2017-06-01, 1, 0, 1, 0, 1', 'SOFTEK', 'MM_AMC_MASTER', 'INSERT', 'SUJIT', '2017-02-25 09:58:31'),
(365, '160, 321, SSSPL/1516/SER/INV-243, 2015-11-05, 2015-11-01, 12, 2016-11-01, 1, 0, 1, 0, 1', 'SOFTEK', 'MM_AMC_MASTER', 'INSERT', 'SUJIT', '2017-02-25 10:00:33'),
(366, '161, 325, SSSPL/1516/SER/INV-07, 2016-04-06, 2016-04-01, 12, 2017-04-01, 12000, 12.36, 13483, 13483, 0', 'SOFTEK', 'MM_AMC_MASTER', 'INSERT', 'SUJIT', '2017-02-25 10:02:40'),
(367, '162, 327, SSSPL/1617/SER/INV-317, 2016-12-05, 2016-12-01, 12, 2017-12-01, 32000, 15, 36800, 36800, 0', 'SOFTEK', 'MM_AMC_MASTER', 'INSERT', 'SUJIT', '2017-02-25 10:03:40'),
(368, '163, 328, SSSPL/1516/SER/INV-211, 2015-10-05, 2015-10-01, 12, 2016-10-01, 30000, 15, 34500, 31000, 3500', 'SOFTEK', 'MM_AMC_MASTER', 'INSERT', 'SUJIT', '2017-02-25 10:05:12'),
(369, '164, 334, NA9, 2016-09-29, 2016-10-01, 12, 2017-10-01, 1, 0, 1, 0, 1', 'SOFTEK', 'MM_AMC_MASTER', 'INSERT', 'SUJIT', '2017-02-25 10:06:40'),
(370, '165, 335, SSSPL/1617/SER/INV-481, 2017-02-09, 2017-02-01, 12, 2018-02-01, 11304, 15, 13000, 13000, 0', 'SOFTEK', 'MM_AMC_MASTER', 'INSERT', 'SUJIT', '2017-02-25 10:20:25'),
(371, '166, 338, SSSPL/1516/SER/INV-390, 2017-03-07, 2017-03-01, 1, 2017-04-01, 1, 0, 1, 0, 1', 'SOFTEK', 'MM_AMC_MASTER', 'INSERT', 'SUJIT', '2017-02-25 10:21:48'),
(372, '167, 337, SSSPL/1314/SER/INV-277, 2014-03-01, 2014-03-01, 12, 2015-03-01, 1, 0, 1, 0, 1', 'SOFTEK', 'MM_AMC_MASTER', 'INSERT', 'SUJIT', '2017-02-25 10:23:40'),
(373, '168, 342, SSSPL/1516/SER/INV-119, 2015-07-02, 2015-07-01, 12, 2016-07-01, 1, 0, 1, 0, 1', 'SOFTEK', 'MM_AMC_MASTER', 'INSERT', 'SUJIT', '2017-02-25 10:24:41'),
(374, '169, 343, SSSPL/1516/PRF/INV-321, 2016-01-11, 2016-01-01, 12, 2017-01-01, 1, 0, 1, 0, 1', 'SOFTEK', 'MM_AMC_MASTER', 'INSERT', 'SUJIT', '2017-02-25 10:26:22'),
(375, '170, 344, SSSPL/1617/SER/INV-374, 2016-12-26, 2016-12-01, 4, 2017-04-01, 55000, 15, 63250, 63250, 0', 'SOFTEK', 'MM_AMC_MASTER', 'INSERT', 'SUJIT', '2017-02-25 10:29:14'),
(376, '171, 345, SSSPL/1617/SER/INV-237, 2016-10-17, 2016-08-01, 12, 2016-12-01, 16000, 15, 18400, 18400, 0', 'SOFTEK', 'MM_AMC_MASTER', 'INSERT', 'SUJIT', '2017-02-25 10:30:04'),
(377, '172, 347, NA10, 2016-11-07, 2016-11-01, 12, 2017-11-01, 1, 0, 1, 0, 1', 'SOFTEK', 'MM_AMC_MASTER', 'INSERT', 'SUJIT', '2017-02-25 10:49:14'),
(378, '173, 348, SSSPL/1516/SER/INV-117, 2015-07-02, 2015-07-01, 12, 2016-07-01, 1, 0, 1, 0, 1', 'SOFTEK', 'MM_AMC_MASTER', 'INSERT', 'SUJIT', '2017-02-25 10:50:29'),
(379, '174, 349, SSSPL/1617/SER/INV-412, 2017-01-11, 2017-01-01, 6, 2017-07-01, 90000, 15, 103500, 103500, 0', 'SOFTEK', 'MM_AMC_MASTER', 'INSERT', 'SUJIT', '2017-02-25 10:51:27'),
(380, '175, 350, NA11, 2016-11-19, 2016-12-01, 12, 2017-12-01, 1, 0, 1, 0, 1', 'SOFTEK', 'MM_AMC_MASTER', 'INSERT', 'SUJIT', '2017-02-25 11:10:28'),
(381, '176, 352, SSSPL/1617/SER/INV-184, 2016-09-08, 2016-09-01, 12, 2016-12-01, 25000, 15, 28750, 28750.00, 0', 'SOFTEK', 'MM_AMC_MASTER', 'INSERT', 'SUJIT', '2017-02-25 11:11:24'),
(382, '177, 353, SSSPL/1516/SER/INV-425, 2016-03-21, 2016-04-01, 12, 2017-04-01, 20000, 14.5, 22900, 22900, 0', 'SOFTEK', 'MM_AMC_MASTER', 'INSERT', 'SUJIT', '2017-02-25 11:12:31'),
(383, '178, 354, NA12, 2016-11-28, 2016-12-01, 12, 2017-12-01, 1, 0, 1, 0, 1', 'SOFTEK', 'MM_AMC_MASTER', 'INSERT', 'SUJIT', '2017-02-25 11:13:13'),
(384, '179, 355, SSSPL/1617/SER/INV-18, 2016-04-18, 2016-04-01, 12, 2017-04-01, 20000, 14.5, 22900, 22900, 0', 'SOFTEK', 'MM_AMC_MASTER', 'INSERT', 'SUJIT', '2017-02-25 11:15:21'),
(385, '180, 357, NA13, 2016-06-21, 2016-07-01, 12, 2017-07-01, 1, 0, 1, 0, 1', 'SOFTEK', 'MM_AMC_MASTER', 'INSERT', 'SUJIT', '2017-02-27 11:25:31'),
(386, '181, 362, SSSPL/1617/SER/INV-186, 2016-09-08, 2016-07-01, 12, 2017-07-01, 36000, 15, 41400, 41400, 0', 'SOFTEK', 'MM_AMC_MASTER', 'INSERT', 'SUJIT', '2017-02-27 11:36:28'),
(387, '45, 2, 23, 1, 12, 2017-02-24, 91959691,, SSSPL/1617/INV-657, ', 'DDS', 'SALES_MASTER', 'INSERT', 'AMITS', '2017-03-01 11:23:18'),
(388, '46, 2, 12, 2, 12, 2017-02-27, 91957341,91957090,, SSSPL/1617/INV-660, ', 'DDS', 'SALES_MASTER', 'INSERT', 'AMITS', '2017-03-01 11:25:49'),
(389, '246, JANAKALYAN CO-OP.CREDIT SOCIETY, 2, BARIN DAS, COMPUTER ADMIN, 8100666177, SUBHODEEP BANERJEE, WEST BENGAL, NORTH 24 PGS, HRIDAYPUR,\r\nBARASAT, , JCCS.HRS@GMAIL.COM, ', 'SOFTEK', 'MM_CLIENT_MASTER', 'UPDATE', 'TANMAY', '2017-03-01 12:30:21'),
(390, '318, MAKARDAH CO-OP CREDIT SOCITY LTD, 2, BIBHAS CHAKRABORTY, MANAGER, 9051153016, DEBASISH ADHIKARY, WEST BENGAL, HOWRAH, MAKARDAH\r\nDOMJUR, , , ', 'SOFTEK', 'MM_CLIENT_MASTER', 'UPDATE', 'TANMAY', '2017-03-01 12:32:02'),
(391, '505, THE BANKRA CO-OP CREDIT SOCIETY LTD, 2, BAREN SAMANTA, MANAGER, 9874583777, SUVENDU RAXIT, WEST BENGAL, HOWRAH, BANKRA,\r\nHOWRAH, , , ', 'SOFTEK', 'MM_CLIENT_MASTER', 'UPDATE', 'TANMAY', '2017-03-01 14:18:11'),
(392, '266, KANAIPUR CCS, 2, SURAJIT DAS, MANAGER, 8961328617, DEBASISH ADIKARY, WEST BENGAL, HOOGHLY, KANAIPUR,\r\nHOOGLY, , KCCSL.2011@GMAIL.COM, ', 'SOFTEK', 'MM_CLIENT_MASTER', 'UPDATE', 'TANMAY', '2017-03-01 14:47:53'),
(393, '369, PADATIK CO-OPERATIVE, 2, SUJOY SAHA, MANAGER, 9836691121, ARITRA BASU ROY CHOWDHURY, WEST BENGAL, NORTH 24 PGS, BAKSHI BAGAN LANE\r\nBARASAT, , PADATIK.BARASAT@GMAIL.COM, ', 'SOFTEK', 'MM_CLIENT_MASTER', 'UPDATE', 'TANMAY', '2017-03-01 14:49:37'),
(394, '104, CENTRAL BANK OF INDIA CO-OP. SOCIETY LTD, 3, BASUDEB, MANAGER, 7278853242, SUBHADIP BANERJEE, WEST BENGAL, KOLKATA, KOLKATA, , CBIECS1955@GMAIL.COM, ', 'SOFTEK', 'MM_CLIENT_MASTER', 'UPDATE', 'TANMAY', '2017-03-01 14:50:52'),
(395, '90, BISHA PARA, 2, SUNIL DEY, MANAGER, 9836702559, SUBHADIP BANERJEE, WEST BENGAL, NORTH 24 PGS, BISHARPARA, , , ', 'SOFTEK', 'MM_CLIENT_MASTER', 'UPDATE', 'TANMAY', '2017-03-01 14:52:11'),
(396, '25, ASP ECCS LTD, 3, JAYANTA, SECRETARY, 9434537005, DEBASISH ADHIKARY, WEST BENGAL, BURDWAN, ALLOY STEEL\r\nDURGAPUR, , , ', 'SOFTEK', 'MM_CLIENT_MASTER', 'UPDATE', 'TANMAY', '2017-03-01 14:53:15'),
(397, '533, VISWA-BHARATI CO-OPERATIVE BANK LTD., 3, NILOY DAS, MANAGER, 9434838066, ARITRA BASU ROY CHOWDHURY, WEST BENGAL, BIRBHUM, VISWABHARATI\r\nBOLPUR,SHANTINIKETAN, , VISVABHARATICBL@GMAIL.COM, ', 'SOFTEK', 'MM_CLIENT_MASTER', 'UPDATE', 'TANMOY', '2017-03-02 08:52:05'),
(398, '312, MADRAL NARAYANPUR UNION CO-OPERATIVE CREDIT SOCIETY, 2, HARI DUTTA, SECRETARY, 9143394119, DEBASISH ADHIKARY, WEST BENGAL, NORTH 24 PGS, MADRAL NARAYANPUR\r\nKAKINARA\r\nPANCHYAT OFFICE, , , ', 'SOFTEK', 'MM_CLIENT_MASTER', 'UPDATE', 'TANMOY', '2017-03-02 08:54:45'),
(399, '7, AJHAPUR UCACS LTD, 1, , MANAGER, 9800438667, ARGHYA MONDAL, WEST BENGAL, BURDWAN, , , , DEPOSIT AND FINANCE RUNNING.', 'SOFTEK', 'MM_CLIENT_MASTER', 'UPDATE', 'ARGHYA', '2017-03-02 12:56:32'),
(400, '13, AMADPUR UNION COOP AGRICULTURE CREDIT SOC. LTD, 1, BANI DA, MANAGER, 8116950837, ARGHYA MONDAL, WEST BENGAL, BURDWAN, , , AMADPURUCACSLTD@GMAIL.COM, BANKING RUNNING SUCCESSFULLY.BUT AUDIT NOT READY.', 'SOFTEK', 'MM_CLIENT_MASTER', 'UPDATE', 'ARGHYA', '2017-03-02 12:58:57'),
(401, '22, ARUI SKUS LTD, 1, ACHINTA DA, ACCOUNTANT, 9564939568, ARGHYA MONDAL, WEST BENGAL, BURDWAN, , , , BANKING AND TRADING RUNNING.BUT AUDIT NOT READY.', 'SOFTEK', 'MM_CLIENT_MASTER', 'UPDATE', 'ARGHYA', '2017-03-02 13:04:15'),
(402, '28, AUSGRAM BLOCK - II LAMPS LTD, 6, , MANAGER, 8670132035, ARGHYA MONDAL, WEST BENGAL, BURDWAN, , , , NEW ORDER.DATA ENTRY RUNNING.', 'SOFTEK', 'MM_CLIENT_MASTER', 'UPDATE', 'ARGHYA', '2017-03-02 13:10:03'),
(403, '29, AUSGRAM BLOCK-I LAMPS SOCIETY LTD, 6, , SECRETARY, 8016430932, ARGHYA MONDAL, WEST BENGAL, BURDWAN, , , , NEW ORDER.DATA ENTRY RUNNING', 'SOFTEK', 'MM_CLIENT_MASTER', 'UPDATE', 'ARGHYA', '2017-03-02 13:13:00'),
(404, '36, BAGNAPARA SKUS LTD, 1, , , , ARGHYA MONDAL, WEST BENGAL, BURDWAN, , , , NOT WORKING OUR SOFTWARE.', 'SOFTEK', 'MM_CLIENT_MASTER', 'UPDATE', 'ARGHYA', '2017-03-02 13:15:15'),
(405, '7, AJHAPUR UCACS LTD, 1, , MANAGER, 9800438667, ARGHYA MONDAL, WEST BENGAL, BURDWAN, , , , DEPOSIT AND FINANCE RUNNING.', 'SOFTEK', 'MM_CLIENT_MASTER', 'UPDATE', 'ARGHYA', '2017-03-02 13:17:16');

-- --------------------------------------------------------

--
-- Table structure for table `mm_order_master`
--

CREATE TABLE `mm_order_master` (
  `order_id` bigint(15) NOT NULL,
  `client_id` bigint(15) NOT NULL,
  `order_value` varchar(20) NOT NULL,
  `payment` text NOT NULL,
  `remarks` text NOT NULL,
  `exe_status` text NOT NULL,
  `order_date` varchar(20) NOT NULL,
  `updated_by` varchar(100) NOT NULL,
  `date_time` timestamp NOT NULL DEFAULT CURRENT_TIMESTAMP
) ENGINE=InnoDB DEFAULT CHARSET=latin1;

--
-- Dumping data for table `mm_order_master`
--

INSERT INTO `mm_order_master` (`order_id`, `client_id`, `order_value`, `payment`, `remarks`, `exe_status`, `order_date`, `updated_by`, `date_time`) VALUES
(1, 1, '-1', '', '', '', '1999-01-01', '', '2017-02-17 12:54:14'),
(2, 2, '-1', '', '', '', '1999-01-01', '', '2017-02-17 12:54:14'),
(3, 3, '-1', '', '', '', '1999-01-02', '', '2017-02-17 12:54:14'),
(4, 4, '-1', '', '', '', '1999-01-02', '', '2017-02-17 12:54:14'),
(5, 5, '-1', '', '', '', '1999-01-03', '', '2017-02-17 12:54:14'),
(6, 6, '-1', '', '', '', '1999-01-03', '', '2017-02-17 12:54:14'),
(7, 7, '-1', '', '', '', '1999-01-04', '', '2017-02-17 12:54:14'),
(8, 8, '-1', '', '', '', '1999-01-04', '', '2017-02-17 12:54:14'),
(9, 9, '-1', '', '', '', '1999-01-05', '', '2017-02-17 12:54:14'),
(10, 10, '-1', '', '', '', '1999-01-05', '', '2017-02-17 12:54:14'),
(11, 11, '-1', '', '', '', '1999-01-06', '', '2017-02-17 12:54:14'),
(12, 12, '-1', '', '', '', '1999-01-06', '', '2017-02-17 12:54:14'),
(13, 13, '-1', '', '', '', '1999-01-07', '', '2017-02-17 12:54:14'),
(14, 14, '-1', '', '', '', '1999-01-07', '', '2017-02-17 12:54:14'),
(15, 15, '-1', '', '', '', '1999-01-08', '', '2017-02-17 12:54:14'),
(16, 16, '-1', '', '', '', '1999-01-08', '', '2017-02-17 12:54:14'),
(17, 17, '-1', '', '', '', '1999-01-09', '', '2017-02-17 12:54:14'),
(18, 18, '-1', '', '', '', '1999-01-09', '', '2017-02-17 12:54:14'),
(19, 19, '-1', '', '', '', '1999-01-10', '', '2017-02-17 12:54:14'),
(20, 20, '-1', '', '', '', '1999-01-10', '', '2017-02-17 12:54:14'),
(21, 21, '-1', '', '', '', '1999-01-11', '', '2017-02-17 12:54:14'),
(22, 22, '-1', '', '', '', '1999-01-11', '', '2017-02-17 12:54:14'),
(23, 23, '-1', '', '', '', '1999-01-12', '', '2017-02-17 12:54:14'),
(24, 24, '-1', '', '', '', '1999-01-12', '', '2017-02-17 12:54:14'),
(25, 25, '-1', '', '', '', '1999-01-13', '', '2017-02-17 12:54:14'),
(26, 26, '-1', '', '', '', '1999-01-13', '', '2017-02-17 12:54:14'),
(27, 27, '-1', '', '', '', '1999-01-14', '', '2017-02-17 12:54:14'),
(28, 28, '-1', '', '', '', '1999-01-14', '', '2017-02-17 12:54:14'),
(29, 29, '-1', '', '', '', '1999-01-15', '', '2017-02-17 12:54:14'),
(30, 30, '-1', '', '', '', '1999-01-15', '', '2017-02-17 12:54:14'),
(31, 31, '-1', '', '', '', '1999-01-16', '', '2017-02-17 12:54:14'),
(32, 32, '-1', '', '', '', '1999-01-16', '', '2017-02-17 12:54:14'),
(33, 33, '-1', '', '', '', '1999-01-17', '', '2017-02-17 12:54:14'),
(34, 34, '-1', '', '', '', '1999-01-17', '', '2017-02-17 12:54:14'),
(35, 35, '-1', '', '', '', '1999-01-18', '', '2017-02-17 12:54:14'),
(36, 36, '-1', '', '', '', '1999-01-18', '', '2017-02-17 12:54:14'),
(37, 37, '-1', '', '', '', '1999-01-19', '', '2017-02-17 12:54:14'),
(38, 38, '-1', '', '', '', '1999-01-19', '', '2017-02-17 12:54:14'),
(39, 39, '-1', '', '', '', '1999-01-20', '', '2017-02-17 12:54:14'),
(40, 40, '-1', '', '', '', '1999-01-20', '', '2017-02-17 12:54:14'),
(41, 41, '-1', '', '', '', '1999-01-21', '', '2017-02-17 12:54:14'),
(42, 42, '-1', '', '', '', '1999-01-21', '', '2017-02-17 12:54:14'),
(43, 43, '-1', '', '', '', '1999-01-22', '', '2017-02-17 12:54:14'),
(44, 44, '-1', '', '', '', '1999-01-22', '', '2017-02-17 12:54:14'),
(45, 45, '-1', '', '', '', '1999-01-23', '', '2017-02-17 12:54:14'),
(46, 46, '-1', '', '', '', '1999-01-23', '', '2017-02-17 12:54:14'),
(47, 47, '-1', '', '', '', '1999-01-24', '', '2017-02-17 12:54:14'),
(48, 48, '-1', '', '', '', '1999-01-24', '', '2017-02-17 12:54:14'),
(49, 49, '-1', '', '', '', '1999-01-25', '', '2017-02-17 12:54:14'),
(50, 50, '-1', '', '', '', '1999-01-25', '', '2017-02-17 12:54:14'),
(51, 51, '-1', '', '', '', '1999-01-26', '', '2017-02-17 12:54:14'),
(52, 52, '-1', '', '', '', '1999-01-26', '', '2017-02-17 12:54:14'),
(53, 53, '-1', '', '', '', '1999-01-27', '', '2017-02-17 12:54:14'),
(54, 54, '-1', '', '', '', '1999-01-27', '', '2017-02-17 12:54:14'),
(55, 55, '-1', '', '', '', '1999-01-28', '', '2017-02-17 12:54:14'),
(56, 56, '-1', '', '', '', '1999-01-28', '', '2017-02-17 12:54:14'),
(57, 57, '-1', '', '', '', '1999-01-29', '', '2017-02-17 12:54:14'),
(58, 58, '-1', '', '', '', '1999-01-29', '', '2017-02-17 12:54:14'),
(59, 59, '-1', '', '', '', '1999-01-30', '', '2017-02-17 12:54:14'),
(60, 60, '-1', '', '', '', '1999-01-30', '', '2017-02-17 12:54:14'),
(61, 61, '-1', '', '', '', '1999-01-31', '', '2017-02-17 12:54:14'),
(62, 62, '-1', '', '', '', '1999-01-31', '', '2017-02-17 12:54:14'),
(63, 63, '-1', '', '', '', '1999-02-01', '', '2017-02-17 12:54:14'),
(64, 64, '-1', '', '', '', '1999-02-01', '', '2017-02-17 12:54:14'),
(65, 65, '-1', '', '', '', '1999-02-02', '', '2017-02-17 12:54:14'),
(66, 66, '-1', '', '', '', '1999-02-02', '', '2017-02-17 12:54:14'),
(67, 67, '-1', '', '', '', '1999-02-03', '', '2017-02-17 12:54:14'),
(68, 68, '-1', '', '', '', '1999-02-03', '', '2017-02-17 12:54:14'),
(69, 69, '-1', '', '', '', '1999-02-04', '', '2017-02-17 12:54:14'),
(70, 70, '-1', '', '', '', '1999-02-04', '', '2017-02-17 12:54:14'),
(71, 71, '-1', '', '', '', '1999-02-05', '', '2017-02-17 12:54:14'),
(72, 72, '-1', '', '', '', '1999-02-05', '', '2017-02-17 12:54:14'),
(73, 73, '-1', '', '', '', '1999-02-06', '', '2017-02-17 12:54:14'),
(74, 74, '-1', '', '', '', '1999-02-06', '', '2017-02-17 12:54:14'),
(75, 75, '-1', '', '', '', '1999-02-07', '', '2017-02-17 12:54:14'),
(76, 76, '-1', '', '', '', '1999-02-07', '', '2017-02-17 12:54:14'),
(77, 77, '-1', '', '', '', '1999-02-08', '', '2017-02-17 12:54:14'),
(78, 78, '-1', '', '', '', '1999-02-08', '', '2017-02-17 12:54:14'),
(79, 79, '-1', '', '', '', '1999-02-09', '', '2017-02-17 12:54:14'),
(80, 80, '-1', '', '', '', '1999-02-09', '', '2017-02-17 12:54:14'),
(81, 81, '-1', '', '', '', '1999-02-10', '', '2017-02-17 12:54:14'),
(82, 82, '-1', '', '', '', '1999-02-10', '', '2017-02-17 12:54:14'),
(83, 83, '-1', '', '', '', '1999-02-11', '', '2017-02-17 12:54:14'),
(84, 84, '-1', '', '', '', '1999-02-11', '', '2017-02-17 12:54:14'),
(85, 85, '-1', '', '', '', '1999-02-12', '', '2017-02-17 12:54:14'),
(86, 86, '-1', '', '', '', '1999-02-12', '', '2017-02-17 12:54:14'),
(87, 87, '-1', '', '', '', '1999-02-13', '', '2017-02-17 12:54:14'),
(88, 88, '-1', '', '', '', '1999-02-13', '', '2017-02-17 12:54:14'),
(89, 89, '-1', '', '', '', '1999-02-14', '', '2017-02-17 12:54:14'),
(90, 90, '-1', '', '', '', '1999-02-14', '', '2017-02-17 12:54:14'),
(91, 91, '-1', '', '', '', '1999-02-15', '', '2017-02-17 12:54:14'),
(92, 92, '-1', '', '', '', '1999-02-15', '', '2017-02-17 12:54:14'),
(93, 93, '-1', '', '', '', '1999-02-16', '', '2017-02-17 12:54:14'),
(94, 94, '-1', '', '', '', '1999-02-16', '', '2017-02-17 12:54:14'),
(95, 95, '-1', '', '', '', '1999-02-17', '', '2017-02-17 12:54:14'),
(96, 96, '-1', '', '', '', '1999-02-17', '', '2017-02-17 12:54:14'),
(97, 97, '-1', '', '', '', '1999-02-18', '', '2017-02-17 12:54:14'),
(98, 98, '-1', '', '', '', '1999-02-18', '', '2017-02-17 12:54:14'),
(99, 99, '-1', '', '', '', '1999-02-19', '', '2017-02-17 12:54:14'),
(100, 100, '-1', '', '', '', '1999-02-19', '', '2017-02-17 12:54:14'),
(101, 101, '-1', '', '', '', '1999-02-20', '', '2017-02-17 12:54:14'),
(102, 102, '-1', '', '', '', '1999-02-20', '', '2017-02-17 12:54:14'),
(103, 103, '-1', '', '', '', '1999-02-21', '', '2017-02-17 12:54:14'),
(104, 104, '-1', '', '', '', '1999-02-21', '', '2017-02-17 12:54:14'),
(105, 105, '-1', '', '', '', '1999-02-22', '', '2017-02-17 12:54:14'),
(106, 106, '-1', '', '', '', '1999-02-22', '', '2017-02-17 12:54:14'),
(107, 107, '-1', '', '', '', '1999-02-23', '', '2017-02-17 12:54:14'),
(108, 108, '-1', '', '', '', '1999-02-23', '', '2017-02-17 12:54:14'),
(109, 109, '-1', '', '', '', '1999-02-24', '', '2017-02-17 12:54:14'),
(110, 110, '-1', '', '', '', '1999-02-24', '', '2017-02-17 12:54:14'),
(111, 111, '-1', '', '', '', '1999-02-25', '', '2017-02-17 12:54:14'),
(112, 112, '-1', '', '', '', '1999-02-25', '', '2017-02-17 12:54:14'),
(113, 113, '-1', '', '', '', '1999-02-26', '', '2017-02-17 12:54:14'),
(114, 114, '-1', '', '', '', '1999-02-26', '', '2017-02-17 12:54:14'),
(115, 115, '-1', '', '', '', '1999-02-27', '', '2017-02-17 12:54:14'),
(116, 116, '-1', '', '', '', '1999-02-27', '', '2017-02-17 12:54:14'),
(117, 117, '-1', '', '', '', '1999-02-28', '', '2017-02-17 12:54:14'),
(118, 118, '-1', '', '', '', '1999-02-28', '', '2017-02-17 12:54:14'),
(119, 119, '-1', '', '', '', '1999-03-01', '', '2017-02-17 12:54:14'),
(120, 120, '-1', '', '', '', '1999-03-01', '', '2017-02-17 12:54:14'),
(121, 121, '-1', '', '', '', '1999-03-02', '', '2017-02-17 12:54:14'),
(122, 122, '-1', '', '', '', '1999-03-02', '', '2017-02-17 12:54:14'),
(123, 123, '-1', '', '', '', '1999-03-03', '', '2017-02-17 12:54:14'),
(124, 124, '-1', '', '', '', '1999-03-03', '', '2017-02-17 12:54:14'),
(125, 125, '-1', '', '', '', '1999-03-04', '', '2017-02-17 12:54:14'),
(126, 126, '-1', '', '', '', '1999-03-04', '', '2017-02-17 12:54:14'),
(127, 127, '-1', '', '', '', '1999-03-05', '', '2017-02-17 12:54:14'),
(128, 128, '-1', '', '', '', '1999-03-05', '', '2017-02-17 12:54:14'),
(129, 129, '-1', '', '', '', '1999-03-06', '', '2017-02-17 12:54:14'),
(130, 130, '-1', '', '', '', '1999-03-06', '', '2017-02-17 12:54:14'),
(131, 131, '-1', '', '', '', '1999-03-07', '', '2017-02-17 12:54:14'),
(132, 132, '-1', '', '', '', '1999-03-07', '', '2017-02-17 12:54:14'),
(133, 133, '-1', '', '', '', '1999-03-08', '', '2017-02-17 12:54:14'),
(134, 134, '-1', '', '', '', '1999-03-08', '', '2017-02-17 12:54:14'),
(135, 135, '-1', '', '', '', '1999-03-09', '', '2017-02-17 12:54:14'),
(136, 136, '-1', '', '', '', '1999-03-09', '', '2017-02-17 12:54:14'),
(137, 137, '-1', '', '', '', '1999-03-10', '', '2017-02-17 12:54:14'),
(138, 138, '-1', '', '', '', '1999-03-10', '', '2017-02-17 12:54:14'),
(139, 139, '-1', '', '', '', '1999-03-11', '', '2017-02-17 12:54:14'),
(140, 140, '-1', '', '', '', '1999-03-11', '', '2017-02-17 12:54:14'),
(141, 141, '-1', '', '', '', '1999-03-12', '', '2017-02-17 12:54:14'),
(142, 142, '-1', '', '', '', '1999-03-12', '', '2017-02-17 12:54:14'),
(143, 143, '-1', '', '', '', '1999-03-13', '', '2017-02-17 12:54:14'),
(144, 144, '-1', '', '', '', '1999-03-13', '', '2017-02-17 12:54:14'),
(145, 145, '-1', '', '', '', '1999-03-14', '', '2017-02-17 12:54:14'),
(146, 146, '-1', '', '', '', '1999-03-14', '', '2017-02-17 12:54:14'),
(147, 147, '-1', '', '', '', '1999-03-15', '', '2017-02-17 12:54:14'),
(148, 148, '-1', '', '', '', '1999-03-15', '', '2017-02-17 12:54:14'),
(149, 149, '-1', '', '', '', '1999-03-16', '', '2017-02-17 12:54:14'),
(150, 150, '-1', '', '', '', '1999-03-16', '', '2017-02-17 12:54:14'),
(151, 151, '-1', '', '', '', '1999-03-17', '', '2017-02-17 12:54:14'),
(152, 152, '-1', '', '', '', '1999-03-17', '', '2017-02-17 12:54:14'),
(153, 153, '-1', '', '', '', '1999-03-18', '', '2017-02-17 12:54:14'),
(154, 154, '-1', '', '', '', '1999-03-18', '', '2017-02-17 12:54:14'),
(155, 155, '-1', '', '', '', '1999-03-19', '', '2017-02-17 12:54:14'),
(156, 156, '-1', '', '', '', '1999-03-19', '', '2017-02-17 12:54:14'),
(157, 157, '-1', '', '', '', '1999-03-20', '', '2017-02-17 12:54:14'),
(158, 158, '-1', '', '', '', '1999-03-20', '', '2017-02-17 12:54:14'),
(159, 159, '-1', '', '', '', '1999-03-21', '', '2017-02-17 12:54:14'),
(160, 160, '-1', '', '', '', '1999-03-21', '', '2017-02-17 12:54:14'),
(161, 161, '-1', '', '', '', '1999-03-22', '', '2017-02-17 12:54:14'),
(162, 162, '-1', '', '', '', '1999-03-22', '', '2017-02-17 12:54:14'),
(163, 163, '-1', '', '', '', '1999-03-23', '', '2017-02-17 12:54:14'),
(164, 164, '-1', '', '', '', '1999-03-23', '', '2017-02-17 12:54:14'),
(165, 165, '-1', '', '', '', '1999-03-24', '', '2017-02-17 12:54:14'),
(166, 166, '-1', '', '', '', '1999-03-24', '', '2017-02-17 12:54:14'),
(167, 167, '-1', '', '', '', '1999-03-25', '', '2017-02-17 12:54:14'),
(168, 168, '-1', '', '', '', '1999-03-25', '', '2017-02-17 12:54:14'),
(169, 169, '-1', '', '', '', '1999-03-26', '', '2017-02-17 12:54:14'),
(170, 170, '-1', '', '', '', '1999-03-26', '', '2017-02-17 12:54:14'),
(171, 171, '-1', '', '', '', '1999-03-27', '', '2017-02-17 12:54:14'),
(172, 172, '-1', '', '', '', '1999-03-27', '', '2017-02-17 12:54:14'),
(173, 173, '-1', '', '', '', '1999-03-28', '', '2017-02-17 12:54:14'),
(174, 174, '-1', '', '', '', '1999-03-28', '', '2017-02-17 12:54:14'),
(175, 175, '-1', '', '', '', '1999-03-29', '', '2017-02-17 12:54:14'),
(176, 176, '-1', '', '', '', '1999-03-29', '', '2017-02-17 12:54:14'),
(177, 177, '-1', '', '', '', '1999-03-30', '', '2017-02-17 12:54:14'),
(178, 178, '-1', '', '', '', '1999-03-30', '', '2017-02-17 12:54:14'),
(179, 179, '-1', '', '', '', '1999-03-31', '', '2017-02-17 12:54:14'),
(180, 180, '-1', '', '', '', '1999-03-31', '', '2017-02-17 12:54:14'),
(181, 181, '-1', '', '', '', '1999-04-01', '', '2017-02-17 12:54:14'),
(182, 182, '-1', '', '', '', '1999-04-01', '', '2017-02-17 12:54:14'),
(183, 183, '-1', '', '', '', '1999-04-02', '', '2017-02-17 12:54:14'),
(184, 184, '-1', '', '', '', '1999-04-02', '', '2017-02-17 12:54:14'),
(185, 185, '-1', '', '', '', '1999-04-03', '', '2017-02-17 12:54:14'),
(186, 186, '-1', '', '', '', '1999-04-03', '', '2017-02-17 12:54:14'),
(187, 187, '-1', '', '', '', '1999-04-04', '', '2017-02-17 12:54:14'),
(188, 188, '-1', '', '', '', '1999-04-04', '', '2017-02-17 12:54:14'),
(189, 189, '-1', '', '', '', '1999-04-05', '', '2017-02-17 12:54:14'),
(190, 190, '-1', '', '', '', '1999-04-05', '', '2017-02-17 12:54:14'),
(191, 191, '-1', '', '', '', '1999-04-06', '', '2017-02-17 12:54:14'),
(192, 192, '-1', '', '', '', '1999-04-06', '', '2017-02-17 12:54:14'),
(193, 193, '-1', '', '', '', '1999-04-07', '', '2017-02-17 12:54:14'),
(194, 194, '-1', '', '', '', '1999-04-07', '', '2017-02-17 12:54:14'),
(195, 195, '-1', '', '', '', '1999-04-08', '', '2017-02-17 12:54:14'),
(196, 196, '-1', '', '', '', '1999-04-08', '', '2017-02-17 12:54:14'),
(197, 197, '-1', '', '', '', '1999-04-09', '', '2017-02-17 12:54:14'),
(198, 198, '-1', '', '', '', '1999-04-09', '', '2017-02-17 12:54:14'),
(199, 199, '-1', '', '', '', '1999-04-10', '', '2017-02-17 12:54:14'),
(200, 200, '-1', '', '', '', '1999-04-10', '', '2017-02-17 12:54:14'),
(201, 201, '-1', '', '', '', '1999-04-11', '', '2017-02-17 12:54:14'),
(202, 202, '-1', '', '', '', '1999-04-11', '', '2017-02-17 12:54:14'),
(203, 203, '-1', '', '', '', '1999-04-12', '', '2017-02-17 12:54:14'),
(204, 204, '-1', '', '', '', '1999-04-12', '', '2017-02-17 12:54:14'),
(205, 205, '-1', '', '', '', '1999-04-13', '', '2017-02-17 12:54:14'),
(206, 206, '-1', '', '', '', '1999-04-13', '', '2017-02-17 12:54:14'),
(207, 207, '-1', '', '', '', '1999-04-14', '', '2017-02-17 12:54:14'),
(208, 208, '-1', '', '', '', '1999-04-14', '', '2017-02-17 12:54:14'),
(209, 209, '-1', '', '', '', '1999-04-15', '', '2017-02-17 12:54:14'),
(210, 210, '-1', '', '', '', '1999-04-15', '', '2017-02-17 12:54:14'),
(211, 211, '-1', '', '', '', '1999-04-16', '', '2017-02-17 12:54:14'),
(212, 212, '-1', '', '', '', '1999-04-16', '', '2017-02-17 12:54:14'),
(213, 213, '-1', '', '', '', '1999-04-17', '', '2017-02-17 12:54:14'),
(214, 214, '-1', '', '', '', '1999-04-17', '', '2017-02-17 12:54:14'),
(215, 215, '-1', '', '', '', '1999-04-18', '', '2017-02-17 12:54:14'),
(216, 216, '-1', '', '', '', '1999-04-18', '', '2017-02-17 12:54:14'),
(217, 217, '-1', '', '', '', '1999-04-19', '', '2017-02-17 12:54:14'),
(218, 218, '-1', '', '', '', '1999-04-19', '', '2017-02-17 12:54:14'),
(219, 219, '-1', '', '', '', '1999-04-20', '', '2017-02-17 12:54:14'),
(220, 220, '-1', '', '', '', '1999-04-20', '', '2017-02-17 12:54:14'),
(221, 221, '-1', '', '', '', '1999-04-21', '', '2017-02-17 12:54:14'),
(222, 222, '-1', '', '', '', '1999-04-21', '', '2017-02-17 12:54:14'),
(223, 223, '-1', '', '', '', '1999-04-22', '', '2017-02-17 12:54:14'),
(224, 224, '-1', '', '', '', '1999-04-22', '', '2017-02-17 12:54:14'),
(225, 225, '-1', '', '', '', '1999-04-23', '', '2017-02-17 12:54:14'),
(226, 226, '-1', '', '', '', '1999-04-23', '', '2017-02-17 12:54:14'),
(227, 227, '-1', '', '', '', '1999-04-24', '', '2017-02-17 12:54:14'),
(228, 228, '-1', '', '', '', '1999-04-24', '', '2017-02-17 12:54:14'),
(229, 229, '-1', '', '', '', '1999-04-25', '', '2017-02-17 12:54:14'),
(230, 230, '-1', '', '', '', '1999-04-25', '', '2017-02-17 12:54:14'),
(231, 231, '-1', '', '', '', '1999-04-26', '', '2017-02-17 12:54:14'),
(232, 232, '-1', '', '', '', '1999-04-26', '', '2017-02-17 12:54:14'),
(233, 233, '-1', '', '', '', '1999-04-27', '', '2017-02-17 12:54:14'),
(234, 234, '-1', '', '', '', '1999-04-27', '', '2017-02-17 12:54:14'),
(235, 235, '-1', '', '', '', '1999-04-28', '', '2017-02-17 12:54:14'),
(236, 236, '-1', '', '', '', '1999-04-28', '', '2017-02-17 12:54:14'),
(237, 237, '-1', '', '', '', '1999-04-29', '', '2017-02-17 12:54:14'),
(238, 238, '-1', '', '', '', '1999-04-29', '', '2017-02-17 12:54:14'),
(239, 239, '-1', '', '', '', '1999-04-30', '', '2017-02-17 12:54:14'),
(240, 240, '-1', '', '', '', '1999-04-30', '', '2017-02-17 12:54:14'),
(241, 241, '-1', '', '', '', '1999-05-01', '', '2017-02-17 12:54:14'),
(242, 242, '-1', '', '', '', '1999-05-01', '', '2017-02-17 12:54:14'),
(243, 243, '-1', '', '', '', '1999-05-02', '', '2017-02-17 12:54:14'),
(244, 244, '-1', '', '', '', '1999-05-02', '', '2017-02-17 12:54:14'),
(245, 245, '-1', '', '', '', '1999-05-03', '', '2017-02-17 12:54:14'),
(246, 246, '-1', '', '', '', '1999-05-03', '', '2017-02-17 12:54:14'),
(247, 247, '-1', '', '', '', '1999-05-04', '', '2017-02-17 12:54:14'),
(248, 248, '-1', '', '', '', '1999-05-04', '', '2017-02-17 12:54:14'),
(249, 249, '-1', '', '', '', '1999-05-05', '', '2017-02-17 12:54:14'),
(250, 250, '-1', '', '', '', '1999-05-05', '', '2017-02-17 12:54:14'),
(251, 251, '-1', '', '', '', '1999-05-06', '', '2017-02-17 12:54:14'),
(252, 252, '-1', '', '', '', '1999-05-06', '', '2017-02-17 12:54:14'),
(253, 253, '-1', '', '', '', '1999-05-07', '', '2017-02-17 12:54:14'),
(254, 254, '-1', '', '', '', '1999-05-07', '', '2017-02-17 12:54:14'),
(255, 255, '-1', '', '', '', '1999-05-08', '', '2017-02-17 12:54:14'),
(256, 256, '-1', '', '', '', '1999-05-08', '', '2017-02-17 12:54:14'),
(257, 257, '-1', '', '', '', '1999-05-09', '', '2017-02-17 12:54:14'),
(258, 258, '-1', '', '', '', '1999-05-09', '', '2017-02-17 12:54:14'),
(259, 259, '-1', '', '', '', '1999-05-10', '', '2017-02-17 12:54:14'),
(260, 260, '-1', '', '', '', '1999-05-10', '', '2017-02-17 12:54:14'),
(261, 261, '-1', '', '', '', '1999-05-11', '', '2017-02-17 12:54:14'),
(262, 262, '-1', '', '', '', '1999-05-11', '', '2017-02-17 12:54:14'),
(263, 263, '-1', '', '', '', '1999-05-12', '', '2017-02-17 12:54:14'),
(264, 264, '-1', '', '', '', '1999-05-12', '', '2017-02-17 12:54:14'),
(265, 265, '-1', '', '', '', '1999-05-13', '', '2017-02-17 12:54:14'),
(266, 266, '-1', '', '', '', '1999-05-13', '', '2017-02-17 12:54:14'),
(267, 267, '-1', '', '', '', '1999-05-14', '', '2017-02-17 12:54:14'),
(268, 268, '-1', '', '', '', '1999-05-14', '', '2017-02-17 12:54:14'),
(269, 269, '-1', '', '', '', '1999-05-15', '', '2017-02-17 12:54:14'),
(270, 270, '-1', '', '', '', '1999-05-15', '', '2017-02-17 12:54:14'),
(271, 271, '-1', '', '', '', '1999-05-16', '', '2017-02-17 12:54:14'),
(272, 272, '-1', '', '', '', '1999-05-16', '', '2017-02-17 12:54:14'),
(273, 273, '-1', '', '', '', '1999-05-17', '', '2017-02-17 12:54:14'),
(274, 274, '-1', '', '', '', '1999-05-17', '', '2017-02-17 12:54:14'),
(275, 275, '-1', '', '', '', '1999-05-18', '', '2017-02-17 12:54:14'),
(276, 276, '-1', '', '', '', '1999-05-18', '', '2017-02-17 12:54:14'),
(277, 277, '-1', '', '', '', '1999-05-19', '', '2017-02-17 12:54:14'),
(278, 278, '-1', '', '', '', '1999-05-19', '', '2017-02-17 12:54:14'),
(279, 279, '-1', '', '', '', '1999-05-20', '', '2017-02-17 12:54:14'),
(280, 280, '-1', '', '', '', '1999-05-20', '', '2017-02-17 12:54:14'),
(281, 281, '-1', '', '', '', '1999-05-21', '', '2017-02-17 12:54:14'),
(282, 282, '-1', '', '', '', '1999-05-21', '', '2017-02-17 12:54:14'),
(283, 283, '-1', '', '', '', '1999-05-22', '', '2017-02-17 12:54:14'),
(284, 284, '-1', '', '', '', '1999-05-22', '', '2017-02-17 12:54:14'),
(285, 285, '-1', '', '', '', '1999-05-23', '', '2017-02-17 12:54:14'),
(286, 286, '-1', '', '', '', '1999-05-23', '', '2017-02-17 12:54:14'),
(287, 287, '-1', '', '', '', '1999-05-24', '', '2017-02-17 12:54:14'),
(288, 288, '-1', '', '', '', '1999-05-24', '', '2017-02-17 12:54:14'),
(289, 289, '-1', '', '', '', '1999-05-25', '', '2017-02-17 12:54:14'),
(290, 290, '-1', '', '', '', '1999-05-25', '', '2017-02-17 12:54:14'),
(291, 291, '-1', '', '', '', '1999-05-26', '', '2017-02-17 12:54:14'),
(292, 292, '-1', '', '', '', '1999-05-26', '', '2017-02-17 12:54:14'),
(293, 293, '-1', '', '', '', '1999-05-27', '', '2017-02-17 12:54:14'),
(294, 294, '-1', '', '', '', '1999-05-27', '', '2017-02-17 12:54:14'),
(295, 295, '-1', '', '', '', '1999-05-28', '', '2017-02-17 12:54:14'),
(296, 296, '-1', '', '', '', '1999-05-28', '', '2017-02-17 12:54:14'),
(297, 297, '-1', '', '', '', '1999-05-29', '', '2017-02-17 12:54:14'),
(298, 298, '-1', '', '', '', '1999-05-29', '', '2017-02-17 12:54:14'),
(299, 299, '-1', '', '', '', '1999-05-30', '', '2017-02-17 12:54:14'),
(300, 300, '-1', '', '', '', '1999-05-30', '', '2017-02-17 12:54:14'),
(301, 301, '-1', '', '', '', '1999-05-31', '', '2017-02-17 12:54:14'),
(302, 302, '-1', '', '', '', '1999-05-31', '', '2017-02-17 12:54:14'),
(303, 303, '-1', '', '', '', '1999-06-01', '', '2017-02-17 12:54:14'),
(304, 304, '-1', '', '', '', '1999-06-01', '', '2017-02-17 12:54:14'),
(305, 305, '-1', '', '', '', '1999-06-02', '', '2017-02-17 12:54:14'),
(306, 306, '-1', '', '', '', '1999-06-02', '', '2017-02-17 12:54:14'),
(307, 307, '-1', '', '', '', '1999-06-03', '', '2017-02-17 12:54:14'),
(308, 308, '-1', '', '', '', '1999-06-03', '', '2017-02-17 12:54:14'),
(309, 309, '-1', '', '', '', '1999-06-04', '', '2017-02-17 12:54:14'),
(310, 310, '-1', '', '', '', '1999-06-04', '', '2017-02-17 12:54:14'),
(311, 311, '-1', '', '', '', '1999-06-05', '', '2017-02-17 12:54:14'),
(312, 312, '-1', '', '', '', '1999-06-05', '', '2017-02-17 12:54:14'),
(313, 313, '-1', '', '', '', '1999-06-06', '', '2017-02-17 12:54:14'),
(314, 314, '-1', '', '', '', '1999-06-06', '', '2017-02-17 12:54:14'),
(315, 315, '-1', '', '', '', '1999-06-07', '', '2017-02-17 12:54:14'),
(316, 316, '-1', '', '', '', '1999-06-07', '', '2017-02-17 12:54:14'),
(317, 317, '-1', '', '', '', '1999-06-08', '', '2017-02-17 12:54:14'),
(318, 318, '-1', '', '', '', '1999-06-08', '', '2017-02-17 12:54:14'),
(319, 319, '-1', '', '', '', '1999-06-09', '', '2017-02-17 12:54:14'),
(320, 320, '-1', '', '', '', '1999-06-09', '', '2017-02-17 12:54:14'),
(321, 321, '-1', '', '', '', '1999-06-10', '', '2017-02-17 12:54:14'),
(322, 322, '-1', '', '', '', '1999-06-10', '', '2017-02-17 12:54:14'),
(323, 323, '-1', '', '', '', '1999-06-11', '', '2017-02-17 12:54:14'),
(324, 324, '-1', '', '', '', '1999-06-11', '', '2017-02-17 12:54:14'),
(325, 325, '-1', '', '', '', '1999-06-12', '', '2017-02-17 12:54:14'),
(326, 326, '-1', '', '', '', '1999-06-12', '', '2017-02-17 12:54:14'),
(327, 327, '-1', '', '', '', '1999-06-13', '', '2017-02-17 12:54:14'),
(328, 328, '-1', '', '', '', '1999-06-13', '', '2017-02-17 12:54:14'),
(329, 329, '-1', '', '', '', '1999-06-14', '', '2017-02-17 12:54:14'),
(330, 330, '-1', '', '', '', '1999-06-14', '', '2017-02-17 12:54:14'),
(331, 331, '-1', '', '', '', '1999-06-15', '', '2017-02-17 12:54:14'),
(332, 332, '-1', '', '', '', '1999-06-15', '', '2017-02-17 12:54:14'),
(333, 333, '-1', '', '', '', '1999-06-16', '', '2017-02-17 12:54:14'),
(334, 334, '-1', '', '', '', '1999-06-16', '', '2017-02-17 12:54:14'),
(335, 335, '-1', '', '', '', '1999-06-17', '', '2017-02-17 12:54:14'),
(336, 336, '-1', '', '', '', '1999-06-17', '', '2017-02-17 12:54:14'),
(337, 337, '-1', '', '', '', '1999-06-18', '', '2017-02-17 12:54:14'),
(338, 338, '-1', '', '', '', '1999-06-18', '', '2017-02-17 12:54:14'),
(339, 339, '-1', '', '', '', '1999-06-19', '', '2017-02-17 12:54:14'),
(340, 340, '-1', '', '', '', '1999-06-19', '', '2017-02-17 12:54:14'),
(341, 341, '-1', '', '', '', '1999-06-20', '', '2017-02-17 12:54:14'),
(342, 342, '-1', '', '', '', '1999-06-20', '', '2017-02-17 12:54:14'),
(343, 343, '-1', '', '', '', '1999-06-21', '', '2017-02-17 12:54:14'),
(344, 344, '-1', '', '', '', '1999-06-21', '', '2017-02-17 12:54:14'),
(345, 345, '-1', '', '', '', '1999-06-22', '', '2017-02-17 12:54:14'),
(346, 346, '-1', '', '', '', '1999-06-22', '', '2017-02-17 12:54:14'),
(347, 347, '-1', '', '', '', '1999-06-23', '', '2017-02-17 12:54:14'),
(348, 348, '-1', '', '', '', '1999-06-23', '', '2017-02-17 12:54:14'),
(349, 349, '-1', '', '', '', '1999-06-24', '', '2017-02-17 12:54:14'),
(350, 350, '-1', '', '', '', '1999-06-24', '', '2017-02-17 12:54:14'),
(351, 351, '-1', '', '', '', '1999-06-25', '', '2017-02-17 12:54:14'),
(352, 352, '-1', '', '', '', '1999-06-25', '', '2017-02-17 12:54:14'),
(353, 353, '-1', '', '', '', '1999-06-26', '', '2017-02-17 12:54:14'),
(354, 354, '-1', '', '', '', '1999-06-26', '', '2017-02-17 12:54:14'),
(355, 355, '-1', '', '', '', '1999-06-27', '', '2017-02-17 12:54:14'),
(356, 356, '-1', '', '', '', '1999-06-27', '', '2017-02-17 12:54:14'),
(357, 357, '-1', '', '', '', '1999-06-28', '', '2017-02-17 12:54:14'),
(358, 358, '-1', '', '', '', '1999-06-28', '', '2017-02-17 12:54:14'),
(359, 359, '-1', '', '', '', '1999-06-29', '', '2017-02-17 12:54:14'),
(360, 360, '-1', '', '', '', '1999-06-29', '', '2017-02-17 12:54:14'),
(361, 361, '-1', '', '', '', '1999-06-30', '', '2017-02-17 12:54:14'),
(362, 362, '-1', '', '', '', '1999-06-30', '', '2017-02-17 12:54:14'),
(363, 363, '-1', '', '', '', '1999-07-01', '', '2017-02-17 12:54:14'),
(364, 364, '-1', '', '', '', '1999-07-01', '', '2017-02-17 12:54:14'),
(365, 365, '-1', '', '', '', '1999-07-02', '', '2017-02-17 12:54:14'),
(366, 366, '-1', '', '', '', '1999-07-02', '', '2017-02-17 12:54:14'),
(367, 367, '-1', '', '', '', '1999-07-03', '', '2017-02-17 12:54:14'),
(368, 368, '-1', '', '', '', '1999-07-03', '', '2017-02-17 12:54:14'),
(369, 369, '-1', '', '', '', '1999-07-04', '', '2017-02-17 12:54:14'),
(370, 370, '-1', '', '', '', '1999-07-04', '', '2017-02-17 12:54:14'),
(371, 371, '-1', '', '', '', '1999-07-05', '', '2017-02-17 12:54:14'),
(372, 372, '-1', '', '', '', '1999-07-05', '', '2017-02-17 12:54:14'),
(373, 373, '-1', '', '', '', '1999-07-06', '', '2017-02-17 12:54:14'),
(374, 374, '-1', '', '', '', '1999-07-06', '', '2017-02-17 12:54:14'),
(375, 375, '-1', '', '', '', '1999-07-07', '', '2017-02-17 12:54:14'),
(376, 376, '-1', '', '', '', '1999-07-07', '', '2017-02-17 12:54:14'),
(377, 377, '-1', '', '', '', '1999-07-08', '', '2017-02-17 12:54:14'),
(378, 378, '-1', '', '', '', '1999-07-08', '', '2017-02-17 12:54:14'),
(379, 379, '-1', '', '', '', '1999-07-09', '', '2017-02-17 12:54:14'),
(380, 380, '-1', '', '', '', '1999-07-09', '', '2017-02-17 12:54:14'),
(381, 381, '-1', '', '', '', '1999-07-10', '', '2017-02-17 12:54:14'),
(382, 382, '-1', '', '', '', '1999-07-10', '', '2017-02-17 12:54:14'),
(383, 383, '-1', '', '', '', '1999-07-11', '', '2017-02-17 12:54:14'),
(384, 384, '-1', '', '', '', '1999-07-11', '', '2017-02-17 12:54:14'),
(385, 385, '-1', '', '', '', '1999-07-12', '', '2017-02-17 12:54:14'),
(386, 386, '-1', '', '', '', '1999-07-12', '', '2017-02-17 12:54:14'),
(387, 387, '-1', '', '', '', '1999-07-13', '', '2017-02-17 12:54:14'),
(388, 388, '-1', '', '', '', '1999-07-13', '', '2017-02-17 12:54:14'),
(389, 389, '-1', '', '', '', '1999-07-14', '', '2017-02-17 12:54:14'),
(390, 390, '-1', '', '', '', '1999-07-14', '', '2017-02-17 12:54:14'),
(391, 391, '-1', '', '', '', '1999-07-15', '', '2017-02-17 12:54:14'),
(392, 392, '-1', '', '', '', '1999-07-15', '', '2017-02-17 12:54:14'),
(393, 393, '-1', '', '', '', '1999-07-16', '', '2017-02-17 12:54:14'),
(394, 394, '-1', '', '', '', '1999-07-16', '', '2017-02-17 12:54:14'),
(395, 395, '-1', '', '', '', '1999-07-17', '', '2017-02-17 12:54:14'),
(396, 396, '-1', '', '', '', '1999-07-17', '', '2017-02-17 12:54:14'),
(397, 397, '-1', '', '', '', '1999-07-18', '', '2017-02-17 12:54:14'),
(398, 398, '-1', '', '', '', '1999-07-18', '', '2017-02-17 12:54:14'),
(399, 399, '-1', '', '', '', '1999-07-19', '', '2017-02-17 12:54:14'),
(400, 400, '-1', '', '', '', '1999-07-19', '', '2017-02-17 12:54:14'),
(401, 401, '-1', '', '', '', '1999-07-20', '', '2017-02-17 12:54:14'),
(402, 402, '-1', '', '', '', '1999-07-20', '', '2017-02-17 12:54:14'),
(403, 403, '-1', '', '', '', '1999-07-21', '', '2017-02-17 12:54:14'),
(404, 404, '-1', '', '', '', '1999-07-21', '', '2017-02-17 12:54:14'),
(405, 405, '-1', '', '', '', '1999-07-22', '', '2017-02-17 12:54:14'),
(406, 406, '-1', '', '', '', '1999-07-22', '', '2017-02-17 12:54:14'),
(407, 407, '-1', '', '', '', '1999-07-23', '', '2017-02-17 12:54:14'),
(408, 408, '-1', '', '', '', '1999-07-23', '', '2017-02-17 12:54:14'),
(409, 409, '-1', '', '', '', '1999-07-24', '', '2017-02-17 12:54:14'),
(410, 410, '-1', '', '', '', '1999-07-24', '', '2017-02-17 12:54:14'),
(411, 411, '-1', '', '', '', '1999-07-25', '', '2017-02-17 12:54:14'),
(412, 412, '-1', '', '', '', '1999-07-25', '', '2017-02-17 12:54:14'),
(413, 413, '-1', '', '', '', '1999-07-26', '', '2017-02-17 12:54:14'),
(414, 414, '-1', '', '', '', '1999-07-26', '', '2017-02-17 12:54:14'),
(415, 415, '-1', '', '', '', '1999-07-27', '', '2017-02-17 12:54:14'),
(416, 416, '-1', '', '', '', '1999-07-27', '', '2017-02-17 12:54:14'),
(417, 417, '-1', '', '', '', '1999-07-28', '', '2017-02-17 12:54:14'),
(418, 418, '-1', '', '', '', '1999-07-28', '', '2017-02-17 12:54:14'),
(419, 419, '-1', '', '', '', '1999-07-29', '', '2017-02-17 12:54:14'),
(420, 420, '-1', '', '', '', '1999-07-29', '', '2017-02-17 12:54:14'),
(421, 421, '-1', '', '', '', '1999-07-30', '', '2017-02-17 12:54:14'),
(422, 422, '-1', '', '', '', '1999-07-30', '', '2017-02-17 12:54:14'),
(423, 423, '-1', '', '', '', '1999-07-31', '', '2017-02-17 12:54:14'),
(424, 424, '-1', '', '', '', '1999-07-31', '', '2017-02-17 12:54:14'),
(425, 425, '-1', '', '', '', '1999-08-01', '', '2017-02-17 12:54:14'),
(426, 426, '-1', '', '', '', '1999-08-01', '', '2017-02-17 12:54:14'),
(427, 427, '-1', '', '', '', '1999-08-02', '', '2017-02-17 12:54:14'),
(428, 428, '-1', '', '', '', '1999-08-02', '', '2017-02-17 12:54:14'),
(429, 429, '-1', '', '', '', '1999-08-03', '', '2017-02-17 12:54:14'),
(430, 430, '-1', '', '', '', '1999-08-03', '', '2017-02-17 12:54:14'),
(431, 431, '-1', '', '', '', '1999-08-04', '', '2017-02-17 12:54:14'),
(432, 432, '-1', '', '', '', '1999-08-04', '', '2017-02-17 12:54:14'),
(433, 433, '-1', '', '', '', '1999-08-05', '', '2017-02-17 12:54:14'),
(434, 434, '-1', '', '', '', '1999-08-05', '', '2017-02-17 12:54:14'),
(435, 435, '-1', '', '', '', '1999-08-06', '', '2017-02-17 12:54:14'),
(436, 436, '-1', '', '', '', '1999-08-06', '', '2017-02-17 12:54:14'),
(437, 437, '-1', '', '', '', '1999-08-07', '', '2017-02-17 12:54:14'),
(438, 438, '-1', '', '', '', '1999-08-07', '', '2017-02-17 12:54:14'),
(439, 439, '-1', '', '', '', '1999-08-08', '', '2017-02-17 12:54:14'),
(440, 440, '-1', '', '', '', '1999-08-08', '', '2017-02-17 12:54:14'),
(441, 441, '-1', '', '', '', '1999-08-09', '', '2017-02-17 12:54:14'),
(442, 442, '-1', '', '', '', '1999-08-09', '', '2017-02-17 12:54:14'),
(443, 443, '-1', '', '', '', '1999-08-10', '', '2017-02-17 12:54:14'),
(444, 444, '-1', '', '', '', '1999-08-10', '', '2017-02-17 12:54:14'),
(445, 445, '-1', '', '', '', '1999-08-11', '', '2017-02-17 12:54:14'),
(446, 446, '-1', '', '', '', '1999-08-11', '', '2017-02-17 12:54:14'),
(447, 447, '-1', '', '', '', '1999-08-12', '', '2017-02-17 12:54:14'),
(448, 448, '-1', '', '', '', '1999-08-12', '', '2017-02-17 12:54:14'),
(449, 449, '-1', '', '', '', '1999-08-13', '', '2017-02-17 12:54:14'),
(450, 450, '-1', '', '', '', '1999-08-13', '', '2017-02-17 12:54:14'),
(451, 451, '-1', '', '', '', '1999-08-14', '', '2017-02-17 12:54:14'),
(452, 452, '-1', '', '', '', '1999-08-14', '', '2017-02-17 12:54:14'),
(453, 453, '-1', '', '', '', '1999-08-15', '', '2017-02-17 12:54:14'),
(454, 454, '-1', '', '', '', '1999-08-15', '', '2017-02-17 12:54:14'),
(455, 455, '-1', '', '', '', '1999-08-16', '', '2017-02-17 12:54:14'),
(456, 456, '-1', '', '', '', '1999-08-16', '', '2017-02-17 12:54:14'),
(457, 457, '-1', '', '', '', '1999-08-17', '', '2017-02-17 12:54:14'),
(458, 458, '-1', '', '', '', '1999-08-17', '', '2017-02-17 12:54:14'),
(459, 459, '-1', '', '', '', '1999-08-18', '', '2017-02-17 12:54:14'),
(460, 460, '-1', '', '', '', '1999-08-18', '', '2017-02-17 12:54:14'),
(461, 461, '-1', '', '', '', '1999-08-19', '', '2017-02-17 12:54:14'),
(462, 462, '-1', '', '', '', '1999-08-19', '', '2017-02-17 12:54:14'),
(463, 463, '-1', '', '', '', '1999-08-20', '', '2017-02-17 12:54:14'),
(464, 464, '-1', '', '', '', '1999-08-20', '', '2017-02-17 12:54:14'),
(465, 465, '-1', '', '', '', '1999-08-21', '', '2017-02-17 12:54:14'),
(466, 466, '-1', '', '', '', '1999-08-21', '', '2017-02-17 12:54:14'),
(467, 467, '-1', '', '', '', '1999-08-22', '', '2017-02-17 12:54:14'),
(468, 468, '-1', '', '', '', '1999-08-22', '', '2017-02-17 12:54:14'),
(469, 469, '-1', '', '', '', '1999-08-23', '', '2017-02-17 12:54:14'),
(470, 470, '-1', '', '', '', '1999-08-23', '', '2017-02-17 12:54:14'),
(471, 471, '-1', '', '', '', '1999-08-24', '', '2017-02-17 12:54:14'),
(472, 472, '-1', '', '', '', '1999-08-24', '', '2017-02-17 12:54:14'),
(473, 473, '-1', '', '', '', '1999-08-25', '', '2017-02-17 12:54:14'),
(474, 474, '-1', '', '', '', '1999-08-25', '', '2017-02-17 12:54:14'),
(475, 475, '-1', '', '', '', '1999-08-26', '', '2017-02-17 12:54:14'),
(476, 476, '-1', '', '', '', '1999-08-26', '', '2017-02-17 12:54:14'),
(477, 477, '-1', '', '', '', '1999-08-27', '', '2017-02-17 12:54:14'),
(478, 478, '-1', '', '', '', '1999-08-27', '', '2017-02-17 12:54:14'),
(479, 479, '-1', '', '', '', '1999-08-28', '', '2017-02-17 12:54:14'),
(480, 480, '-1', '', '', '', '1999-08-28', '', '2017-02-17 12:54:14'),
(481, 481, '-1', '', '', '', '1999-08-29', '', '2017-02-17 12:54:14'),
(482, 482, '-1', '', '', '', '1999-08-29', '', '2017-02-17 12:54:14'),
(483, 483, '-1', '', '', '', '1999-08-30', '', '2017-02-17 12:54:14'),
(484, 484, '-1', '', '', '', '1999-08-30', '', '2017-02-17 12:54:14'),
(485, 485, '-1', '', '', '', '1999-08-31', '', '2017-02-17 12:54:14'),
(486, 486, '-1', '', '', '', '1999-08-31', '', '2017-02-17 12:54:14'),
(487, 487, '-1', '', '', '', '1999-09-01', '', '2017-02-17 12:54:14'),
(488, 488, '-1', '', '', '', '1999-09-01', '', '2017-02-17 12:54:14'),
(489, 489, '-1', '', '', '', '1999-09-02', '', '2017-02-17 12:54:14'),
(490, 490, '-1', '', '', '', '1999-09-02', '', '2017-02-17 12:54:14'),
(491, 491, '-1', '', '', '', '1999-09-03', '', '2017-02-17 12:54:14'),
(492, 492, '-1', '', '', '', '1999-09-03', '', '2017-02-17 12:54:14'),
(493, 493, '-1', '', '', '', '1999-09-04', '', '2017-02-17 12:54:14'),
(494, 494, '-1', '', '', '', '1999-09-04', '', '2017-02-17 12:54:14'),
(495, 495, '-1', '', '', '', '1999-09-05', '', '2017-02-17 12:54:14'),
(496, 496, '-1', '', '', '', '1999-09-05', '', '2017-02-17 12:54:14'),
(497, 497, '-1', '', '', '', '1999-09-06', '', '2017-02-17 12:54:14'),
(498, 498, '-1', '', '', '', '1999-09-06', '', '2017-02-17 12:54:14'),
(499, 499, '-1', '', '', '', '1999-09-07', '', '2017-02-17 12:54:14'),
(500, 500, '-1', '', '', '', '1999-09-07', '', '2017-02-17 12:54:14'),
(501, 501, '-1', '', '', '', '1999-09-08', '', '2017-02-17 12:54:14'),
(502, 502, '-1', '', '', '', '1999-09-08', '', '2017-02-17 12:54:14'),
(503, 503, '-1', '', '', '', '1999-09-09', '', '2017-02-17 12:54:14'),
(504, 504, '-1', '', '', '', '1999-09-09', '', '2017-02-17 12:54:14'),
(505, 505, '-1', '', '', '', '1999-09-10', '', '2017-02-17 12:54:14'),
(506, 506, '-1', '', '', '', '1999-09-10', '', '2017-02-17 12:54:14'),
(507, 507, '-1', '', '', '', '1999-09-11', '', '2017-02-17 12:54:14'),
(508, 508, '-1', '', '', '', '1999-09-11', '', '2017-02-17 12:54:14'),
(509, 509, '-1', '', '', '', '1999-09-12', '', '2017-02-17 12:54:14'),
(510, 510, '-1', '', '', '', '1999-09-12', '', '2017-02-17 12:54:14'),
(511, 511, '-1', '', '', '', '1999-09-13', '', '2017-02-17 12:54:14'),
(512, 512, '-1', '', '', '', '1999-09-13', '', '2017-02-17 12:54:14'),
(513, 513, '-1', '', '', '', '1999-09-14', '', '2017-02-17 12:54:14'),
(514, 514, '-1', '', '', '', '1999-09-14', '', '2017-02-17 12:54:14'),
(515, 515, '-1', '', '', '', '1999-09-15', '', '2017-02-17 12:54:14'),
(516, 516, '-1', '', '', '', '1999-09-15', '', '2017-02-17 12:54:14'),
(517, 517, '-1', '', '', '', '1999-09-16', '', '2017-02-17 12:54:14'),
(518, 518, '-1', '', '', '', '1999-09-16', '', '2017-02-17 12:54:14'),
(519, 519, '-1', '', '', '', '1999-09-17', '', '2017-02-17 12:54:14'),
(520, 520, '-1', '', '', '', '1999-09-17', '', '2017-02-17 12:54:14'),
(521, 521, '-1', '', '', '', '1999-09-18', '', '2017-02-17 12:54:14'),
(522, 522, '-1', '', '', '', '1999-09-18', '', '2017-02-17 12:54:14'),
(523, 523, '-1', '', '', '', '1999-09-19', '', '2017-02-17 12:54:14'),
(524, 524, '-1', '', '', '', '1999-09-19', '', '2017-02-17 12:54:14'),
(525, 525, '-1', '', '', '', '1999-09-20', '', '2017-02-17 12:54:14'),
(526, 526, '-1', '', '', '', '1999-09-20', '', '2017-02-17 12:54:14'),
(527, 527, '-1', '', '', '', '1999-09-21', '', '2017-02-17 12:54:14'),
(528, 528, '-1', '', '', '', '1999-09-21', '', '2017-02-17 12:54:14'),
(529, 529, '-1', '', '', '', '1999-09-22', '', '2017-02-17 12:54:14'),
(530, 530, '-1', '', '', '', '1999-09-22', '', '2017-02-17 12:54:14'),
(531, 531, '-1', '', '', '', '1999-09-23', '', '2017-02-17 12:54:14'),
(532, 532, '-1', '', '', '', '1999-09-23', '', '2017-02-17 12:54:14'),
(533, 533, '-1', '', '', '', '1999-09-24', '', '2017-02-17 12:54:14'),
(534, 534, '-1', '', '', '', '1999-09-24', '', '2017-02-17 12:54:14'),
(535, 535, '-1', '', '', '', '1999-09-25', '', '2017-02-17 12:54:14'),
(536, 536, '-1', '', '', '', '1999-09-25', '', '2017-02-17 12:54:14'),
(537, 537, '-1', '', '', '', '1999-09-26', '', '2017-02-17 12:54:14'),
(538, 538, '-1', '', '', '', '1999-09-26', '', '2017-02-17 12:54:14'),
(539, 539, '-1', '', '', '', '1999-09-27', '', '2017-02-17 12:54:14'),
(540, 540, '-1', '', '', '', '1999-09-27', '', '2017-02-17 12:54:14'),
(541, 541, '-1', '', '', '', '1999-09-28', '', '2017-02-17 12:54:14'),
(542, 542, '-1', '', '', '', '1999-09-28', '', '2017-02-17 12:54:14'),
(543, 543, '-1', '', '', '', '1999-09-29', '', '2017-02-17 12:54:14'),
(544, 544, '-1', '', '', '', '1999-09-29', '', '2017-02-17 12:54:14'),
(545, 545, '-1', '', '', '', '1999-09-30', '', '2017-02-17 12:54:14'),
(546, 546, '-1', '', '', '', '1999-09-30', '', '2017-02-17 12:54:14'),
(547, 547, '-1', '', '', '', '1999-10-01', '', '2017-02-17 12:54:14'),
(548, 548, '-1', '', '', '', '1999-10-01', '', '2017-02-17 12:54:14'),
(549, 549, '-1', '', '', '', '1999-10-02', '', '2017-02-17 12:54:14'),
(550, 550, '-1', '', '', '', '1999-10-02', '', '2017-02-17 12:54:14'),
(551, 551, '-1', '', '', '', '1999-10-03', '', '2017-02-17 12:54:14'),
(552, 552, '-1', '', '', '', '1999-10-03', '', '2017-02-17 12:54:14'),
(553, 553, '-1', '', '', '', '1999-10-04', '', '2017-02-17 12:54:14'),
(554, 554, '-1', '', '', '', '1999-10-04', '', '2017-02-17 12:54:14'),
(555, 555, '-1', '', '', '', '1999-10-05', '', '2017-02-17 12:54:14'),
(556, 556, '-1', '', '', '', '1999-10-05', '', '2017-02-17 12:54:14'),
(557, 557, '-1', '', '', '', '1999-10-06', '', '2017-02-17 12:54:14'),
(558, 558, '-1', '', '', '', '1999-10-06', '', '2017-02-17 12:54:14'),
(559, 559, '-1', '', '', '', '1999-10-07', '', '2017-02-17 12:54:14'),
(560, 560, '-1', '', '', '', '1999-10-07', '', '2017-02-17 12:54:14'),
(561, 561, '-1', '', '', '', '1999-10-08', '', '2017-02-17 12:54:14'),
(562, 562, '-1', '', '', '', '1999-10-08', '', '2017-02-17 12:54:14'),
(563, 563, '-1', '', '', '', '1999-10-09', '', '2017-02-17 12:54:14'),
(564, 564, '-1', '', '', '', '1999-10-09', '', '2017-02-17 12:54:14'),
(565, 565, '-1', '', '', '', '1999-10-10', '', '2017-02-17 12:54:14'),
(566, 566, '-1', '', '', '', '1999-10-10', '', '2017-02-17 12:54:14'),
(567, 567, '-1', '', '', '', '1999-10-11', '', '2017-02-17 12:54:14'),
(568, 568, '-1', '', '', '', '1999-10-11', '', '2017-02-17 12:54:14'),
(569, 569, '-1', '', '', '', '1999-10-12', '', '2017-02-17 12:54:14'),
(570, 570, '-1', '', '', '', '1999-10-12', '', '2017-02-17 12:54:14'),
(571, 571, '-1', '', '', '', '1999-10-13', '', '2017-02-17 12:54:14'),
(572, 572, '-1', '', '', '', '1999-10-13', '', '2017-02-17 12:54:14'),
(573, 573, '-1', '', '', '', '1999-10-14', '', '2017-02-17 12:54:14'),
(574, 574, '-1', '', '', '', '1999-10-14', '', '2017-02-17 12:54:14'),
(575, 575, '-1', '', '', '', '1999-10-15', '', '2017-02-17 12:54:14'),
(576, 576, '-1', '', '', '', '1999-10-15', '', '2017-02-17 12:54:14'),
(577, 577, '-1', '', '', '', '1999-10-16', '', '2017-02-17 12:54:14'),
(578, 578, '-1', '', '', '', '1999-10-16', '', '2017-02-17 12:54:14'),
(579, 579, '-1', '', '', '', '1999-10-17', '', '2017-02-17 12:54:14'),
(580, 580, '-1', '', '', '', '1999-10-17', '', '2017-02-17 12:54:14'),
(581, 581, '-1', '', '', '', '1999-10-18', '', '2017-02-17 12:54:14'),
(582, 582, '-1', '', '', '', '1999-10-18', '', '2017-02-17 12:54:14'),
(583, 583, '-1', '', '', '', '1999-10-19', '', '2017-02-17 12:54:14');

-- --------------------------------------------------------

--
-- Table structure for table `mm_payment_master`
--

CREATE TABLE `mm_payment_master` (
  `payment_id` bigint(15) NOT NULL,
  `invoice_no` varchar(50) NOT NULL,
  `payment_date` date NOT NULL,
  `total_amount` bigint(15) NOT NULL,
  `paid_amount` bigint(15) NOT NULL,
  `due_amount` bigint(15) NOT NULL,
  `updated_by` varchar(10) NOT NULL,
  `date_time` timestamp NOT NULL DEFAULT CURRENT_TIMESTAMP
) ENGINE=InnoDB DEFAULT CHARSET=latin1;

--
-- Dumping data for table `mm_payment_master`
--

INSERT INTO `mm_payment_master` (`payment_id`, `invoice_no`, `payment_date`, `total_amount`, `paid_amount`, `due_amount`, `updated_by`, `date_time`) VALUES
(2, 'SSSPL/1617/SER/INV-127', '2016-07-26', 2000, 2000, 0, 'SUJIT', '2017-02-18 06:19:33'),
(3, 'SSSPL/1617/SER/INV-105', '2016-07-07', 70000, 70000, 0, 'SUJIT', '2017-02-18 06:23:04'),
(4, 'SSSPL/1617/SER/INV-170', '2016-09-08', 32200, 32200, 0, 'SUJIT', '2017-02-18 06:24:30'),
(5, 'SSSPL/1617/SER/INV-256', '2016-11-01', 34500, 34500, 0, 'SUJIT', '2017-02-18 06:35:16'),
(6, 'SSSPL/1617/SER/INV-465', '2017-02-08', 34500, 34500, 0, 'SUJIT', '2017-02-18 06:59:31'),
(7, 'SSSPL/1617/SER/INV-84', '2016-05-31', 1, 0, 1, 'SUJIT', '2017-02-18 08:13:10'),
(8, 'SSSPL/1516/SER/INV-408', '2016-03-16', 22900, 22900, 0, 'SUJIT', '2017-02-18 08:16:17'),
(9, 'SSSPL/1617/SER/INV-357', '2016-12-15', 97750, 97750, 0, 'SUJIT', '2017-02-18 08:20:01'),
(10, 'SSSPL/1617/SER/INV-171', '2016-09-08', 33500, 33500, 0, 'SUJIT', '2017-02-18 08:21:46'),
(11, 'SSSPL/1516/SER/INV-50', '2015-05-08', 1, 0, 1, 'SUJIT', '2017-02-18 08:45:00'),
(12, 'SSSPL/1617/SER/INV-272', '2016-11-02', 11500, 11500, 0, 'SUJIT', '2017-02-18 08:52:28'),
(13, 'SSSPL/1516/SER/INV-97', '2015-06-05', 1, 0, 1, 'SUJIT', '2017-02-18 08:53:56'),
(14, 'SSSPL/1617/SER/INV-64', '2016-05-26', 22900, 22900, 0, 'SUJIT', '2017-02-18 08:55:39'),
(15, 'SSSPL/1516/PRF/INV-403', '2016-03-07', 69000, 30000, 39000, 'SUJIT', '2017-02-18 09:00:23'),
(16, 'SSSPL/1617/SER/INV-99', '2016-06-24', 91425, 91425, 0, 'SUJIT', '2017-02-18 09:01:56'),
(17, 'SSSPL/1516/SER/INV-205', '2015-09-21', 10000, 10000, 0, 'SUJIT', '2017-02-18 09:03:25'),
(18, 'SSSPL/1617/SER/INV-392', '2017-01-06', 17250, 17250, 0, 'SUJIT', '2017-02-18 09:05:28'),
(19, 'SSSPL/1617/SER/INV-466', '2017-02-08', 23000, 23000, 0, 'SUJIT', '2017-02-18 09:10:05'),
(20, 'SSSPL/1617/SER/INV-172', '2016-09-08', 14088, 14088, 0, 'SUJIT', '2017-02-18 09:22:14'),
(21, 'SSSPL/1617/SER/INV-12', '2016-04-18', 1, 0, 1, 'SUJIT', '2017-02-18 09:24:33'),
(22, 'SSSPL/1516/SER/INV-434', '2016-03-24', 15000, 15000, 0, 'SUJIT', '2017-02-18 09:25:48'),
(23, 'SSSPL/1516/SER/INV-83', '2015-05-27', 1, 0, 1, 'SUJIT', '2017-02-18 09:27:14'),
(24, 'SSSPL/1617/SER/INV-257', '2016-11-01', 15525, 15525, 0, 'SUJIT', '2017-02-18 09:28:26'),
(25, 'SSSPL/1516/SER/INV-137', '2015-07-16', 22800, 22800, 0, 'SUJIT', '2017-02-18 09:29:49'),
(26, 'SSSPL/1516/SER/INV-387', '2016-03-04', 1, 0, 1, 'SUJIT', '2017-02-18 09:36:09'),
(27, 'SSSPL/1617/SER/INV-73', '2016-05-31', 1, 0, 1, 'SUJIT', '2017-02-18 09:42:33'),
(28, 'SSSPL/1617/SER/INV-218', '2016-10-13', 119600, 119600, 0, 'SUJIT', '2017-02-18 09:44:22'),
(29, 'SSSPL/1617/SER/INV-467', '2017-02-08', 23000, 23000, 0, 'SUJIT', '2017-02-18 09:48:50'),
(30, 'SSSPL/1516/SER/01', '2015-04-02', 16854, 16854, 0, 'SUJIT', '2017-02-18 09:56:05'),
(31, 'SSSPL/1516/SER/INV-79', '2015-05-26', 1, 0, 1, 'SUJIT', '2017-02-18 09:59:50'),
(32, 'SSSPL/1617/SER/INV-393', '2017-01-06', 20700, 20700, 0, 'SUJIT', '2017-02-18 10:05:51'),
(33, 'SSSPL/1617/SER/INV-395', '2017-01-06', 21500, 21500, 0, 'SUJIT', '2017-02-18 10:10:04'),
(34, 'SSSPL/1617/SER/INV-311', '2016-12-02', 20700, 20700, 0, 'SUJIT', '2017-02-18 10:14:22'),
(35, 'SSSPL/1516/SER/INV-429', '2016-03-22', 16000, 16000, 0, 'SUJIT', '2017-02-18 10:15:54'),
(36, 'SSSPL/1516/SER/INV-433', '2016-03-24', 25000, 25000, 0, 'SUJIT', '2017-02-18 10:17:18'),
(37, 'SSSPL/1516/SER/INV-405', '2016-03-09', 17175, 17175, 0, 'SUJIT', '2017-02-18 10:18:57'),
(38, 'SSSPL/1516/SER/INV-77', '2015-05-26', 1, 0, 1, 'SUJIT', '2017-02-18 10:20:16'),
(39, 'SSSPL/1516/PRF/INV-409', '2016-03-16', 33000, 33000, 0, 'SUJIT', '2017-02-18 10:23:09'),
(40, 'SSSPL/1617/SER/INV-239', '2016-10-18', 32200, 32200, 0, 'SUJIT', '2017-02-18 10:24:08'),
(41, 'SSSPL/1617/SER/INV-78', '2016-05-31', 1, 0, 1, 'SUJIT', '2017-02-18 10:25:35'),
(42, 'SSSPL/1617/SER/INV-452', '2017-02-02', 11500, 11500, 0, 'SUJIT', '2017-02-18 10:35:23'),
(43, 'NA', '2016-07-26', 1, 0, 1, 'SUJIT', '2017-02-18 10:36:36'),
(44, 'SSSPL/1617/SER/INV-342', '2016-12-08', 34500, 34500, 0, 'SUJIT', '2017-02-18 10:38:01'),
(45, 'SSSPL/1617/SER/INV-61', '2016-05-26', 1, 0, 1, 'SUJIT', '2017-02-18 10:39:57'),
(46, 'SSSPL/1516/SER/INV-422', '2016-03-18', 18320, 18320, 0, 'SUJIT', '2017-02-18 10:42:40'),
(47, 'SSSPL/1516/SER/INV-360', '2016-02-22', 1, 0, 1, 'SUJIT', '2017-02-18 10:43:37'),
(48, 'SSSPL/1516/SER/INV-40', '2015-05-04', 50562, 50562, 0, 'SUJIT', '2017-02-18 10:46:03'),
(49, 'SSSPL/1617/SER/INV-449', '2017-02-02', 20700, 20700, 0, 'SUJIT', '2017-02-18 10:46:56'),
(50, 'SSSPL/1516/SER/INV-380', '2016-03-02', 18320, 18320, 0, 'SUJIT', '2017-02-18 10:50:33'),
(51, 'SSSPL/1516/SER/INV-326', '2016-01-18', 28625, 28625, 0, 'SUJIT', '2017-02-18 10:52:28'),
(52, 'SSSPL/1516/PRF/INV-343', '2016-02-04', 1, 0, 1, 'SUJIT', '2017-02-18 10:54:41'),
(53, 'SSSPL/1516/SER/INV-49', '2016-05-08', 146068, 146068, 0, 'SUJIT', '2017-02-18 10:56:33'),
(54, 'SSSPL/1516/SER/INV-406', '2016-03-09', 28625, 28625, 0, 'SUJIT', '2017-02-18 10:57:32'),
(55, 'SSSPL/1617/SER/INV-468', '2017-02-08', 23000, 23000, 0, 'SUJIT', '2017-02-18 10:59:08'),
(56, 'SSSPL/1516/SER/INV-73', '2015-05-26', 1, 0, 1, 'SUJIT', '2017-02-18 11:01:28'),
(57, 'SSSPL/1617/SER/INV-107', '2016-07-07', 23000, 23000, 0, 'SUJIT', '2017-02-18 11:04:05'),
(58, 'SSSPL/1617/SER/INV-62', '2016-05-26', 1, 0, 1, 'SUJIT', '2017-02-18 11:05:21'),
(59, 'SSSPL/1617/SER/INV-48', '2016-05-19', 28339, 28339, 0, 'SUJIT', '2017-02-18 11:08:36'),
(60, 'SSSPL/1516/SER/INV-230', '2015-10-15', 1, 0, 1, 'SUJIT', '2017-02-21 09:19:31'),
(61, 'SSSPL/1516/SER/INV-437', '2016-03-30', 1, 0, 1, 'SUJIT', '2017-02-21 09:26:57'),
(62, 'SSSPL/1617/SER/INV-469', '2016-02-08', 103500, 103500, 0, 'SUJIT', '2017-02-21 09:55:09'),
(63, 'SSSPL/1617/SER/INV-109', '2016-07-07', 13000, 13000, 0, 'SUJIT', '2017-02-21 09:58:53'),
(64, 'SSSPL/1617/SER/INV-470', '2017-02-08', 25875, 25875, 0, 'SUJIT', '2017-02-21 10:00:21'),
(65, 'SSSPL/1516/SER/INV-435', '2016-03-29', 28625, 28625, 0, 'SUJIT', '2017-02-21 10:32:28'),
(66, 'SSSPL/1617/SER/INV-230', '2016-10-13', 1, 0, 1, 'SUJIT', '2017-02-21 11:15:44'),
(67, 'NA1', '2016-06-21', 1, 1, 0, 'SUJIT', '2017-02-21 11:18:28'),
(68, 'SSSPL/1516/SER/INV-257', '2015-11-10', 34500, 30000, 4500, 'SUJIT', '2017-02-21 11:19:54'),
(69, 'NA 2', '2016-10-13', 1, 0, 1, 'SUJIT', '2017-02-21 11:20:51'),
(70, 'SSSPL/1617/SER/INV-175', '2016-09-08', 28750, 28750, 0, 'SUJIT', '2017-02-21 11:48:43'),
(71, 'SSSPL/1617/SER/INV-471', '2016-02-08', 31050, 31050, 0, 'SUJIT', '2017-02-21 12:02:27'),
(72, 'SSSPL/1617/SER/INV-219', '2016-10-13', 34500, 34500, 0, 'SUJIT', '2017-02-21 12:07:22'),
(73, 'SSSPL/1617/INV-99', '2016-05-31', 1, 0, 1, 'SUJIT', '2017-02-21 12:08:42'),
(74, 'SSSPL/1516/SER/INV-272', '2015-12-03', 28625, 28625, 0, 'SUJIT', '2017-02-21 12:41:35'),
(75, 'SSSPL/1516/SER/INV-384', '2016-03-04', 22900, 22900, 0, 'SUJIT', '2017-02-21 12:45:01'),
(76, 'NA3', '2016-09-02', 1, 0, 1, 'SUJIT', '2017-02-23 09:53:21'),
(77, 'SSSPL/1617/SER/INV-13', '2016-04-18', 20225, 20225, 0, 'SUJIT', '2017-02-23 09:55:01'),
(78, 'NA4', '2016-06-28', 1, 0, 1, 'SUJIT', '2017-02-25 05:44:02'),
(79, 'SSSPL/1617/SER/INV-110', '2016-07-07', 36640, 36640, 0, 'SUJIT', '2017-02-25 05:45:55'),
(80, 'SSSPL/1415/INV-296/SER', '2015-03-03', 1, 0, 1, 'SUJIT', '2017-02-25 05:53:03'),
(81, 'SSSPL/1617/SER/INV-37', '2016-05-11', 17175, 17175, 0, 'SUJIT', '2017-02-25 05:54:14'),
(82, 'SSSPL/1617/SER/INV-177', '2016-09-08', 15525, 15525, 0, 'SUJIT', '2017-02-25 05:57:44'),
(83, 'SSSPL/1516/PRF/INV-74', '2015-05-26', 1, 0, 1, 'SUJIT', '2017-02-25 06:00:01'),
(84, 'SSSPL/1516/SER/INV-71', '2015-05-20', 20225, 20225, 0, 'SUJIT', '2017-02-25 06:01:19'),
(85, 'SSSPL/1617/SER/INV-74', '2016-05-31', 1, 0, 1, 'SUJIT', '2017-02-25 06:05:23'),
(86, 'SSSPL/1617/SER/INV-258', '2016-11-01', 28750, 28750, 0, 'SUJIT', '2017-02-25 06:07:49'),
(87, 'SSSPL/1516/SER/INV-342', '2016-02-04', 1, 0, 1, 'SUJIT', '2017-02-25 06:10:00'),
(88, 'SSSPL/1516/SER/INV-253', '2015-11-09', 1, 0, 1, 'SUJIT', '2017-02-25 06:23:51'),
(89, 'SSSPL/1617/SER/INV-178', '2016-09-08', 17250, 17250, 0, 'SUJIT', '2017-02-25 06:24:50'),
(90, 'SSSPL/1617/SER/INV-354', '2016-12-15', 46000, 46000, 0, 'SUJIT', '2017-02-25 06:25:55'),
(91, 'SSSPL/1617/SER/INV-70', '2016-05-30', 171750, 171750, 0, 'SUJIT', '2017-02-25 06:28:11'),
(92, 'SSSPL/1617/SER/INV-38', '2016-05-11', 17175, 17175, 0, 'SUJIT', '2017-02-25 06:30:35'),
(93, 'SSSPL/1617/SER/INV-259', '2016-11-01', 15525, 15525, 0, 'SUJIT', '2017-02-25 06:31:23'),
(94, 'SSSPL/1516/SER/INV-295', '2015-12-21', 28625, 28625, 0, 'SUJIT', '2017-02-25 06:32:50'),
(95, 'SSSPL/1617/SER/INV-472', '2017-02-08', 23000, 23000, 0, 'SUJIT', '2017-02-25 06:34:55'),
(96, 'NA5', '2017-02-09', 1, 0, 1, 'SUJIT', '2017-02-25 06:36:30'),
(97, 'SSSPL/1516/SER/INV-283', '2015-12-16', 1, 0, 1, 'SUJIT', '2017-02-25 06:37:48'),
(98, 'SSSPL/1516/SER/INV-103', '2015-06-15', 1, 0, 1, 'SUJIT', '2017-02-25 06:39:47'),
(99, 'SSSPL/1516/SER/INV-386', '2016-03-04', 1, 0, 1, 'SUJIT', '2017-02-25 06:40:49'),
(100, 'SSSPL/1617/SER/INV-220', '2016-10-13', 34500, 34500, 0, 'SUJIT', '2017-02-25 06:42:21'),
(101, 'SSSPL/1617/SER/INV-473', '2017-02-08', 19000, 19000, 0, 'SUJIT', '2017-02-25 06:43:25'),
(102, 'SSSPL/1617/SER/INV-221', '2016-10-13', 23000, 23000, 0, 'SUJIT', '2017-02-25 06:45:42'),
(103, 'SSSPL/1617/SER/INV-476', '2017-02-08', 17250, 17250, 0, 'SUJIT', '2017-02-25 06:46:46'),
(104, 'SSSPL/1617/SER/INV-236', '2016-10-17', 18400, 18400, 0, 'SUJIT', '2017-02-25 06:48:34'),
(105, 'SSSPL/1617/SER/INV-346', '2016-12-08', 25000, 25000, 0, 'SUJIT', '2017-02-25 06:51:27'),
(106, 'SSSPL/1516/SER/INV-215', '2016-10-05', 1, 0, 1, 'SUJIT', '2017-02-25 06:52:21'),
(107, 'SSS/INV–255/1415/SER', '2015-02-02', 16854, 16854, 0, 'SUJIT', '2017-02-25 06:54:22'),
(108, 'SSSPL/1617/SER/INV-179', '2016-09-08', 34500, 34500, 0, 'SUJIT', '2017-02-25 06:55:50'),
(109, 'SSSPL/1617/SER/INV-228', '2016-10-13', 1, 0, 1, 'SUJIT', '2017-02-25 06:58:15'),
(110, 'SSSPL/1617/SER/INV-136', '2016-08-05', 25875, 25875, 0, 'SUJIT', '2017-02-25 07:03:43'),
(111, 'SSSPL/1516SER/INV-145', '2015-07-24', 1, 0, 1, 'SUJIT', '2017-02-25 07:04:53'),
(112, 'SSSPL/1617/SER/INV-141', '2016-08-16', 1, 0, 1, 'SUJIT', '2017-02-25 07:05:52'),
(113, 'SSSPL/1617/SER/INV-233', '2016-10-13', 1, 0, 1, 'SUJIT', '2017-02-25 07:07:46'),
(114, 'SSSPL/1617/SER/INV-478', '2017-02-08', 23000, 23000, 0, 'SUJIT', '2017-02-25 07:11:53'),
(115, 'SSSPL/1516/SER/INV-348', '2016-02-12', 1, 0, 1, 'SUJIT', '2017-02-25 07:25:24'),
(116, 'SSSPL/1516/SER/INV-352', '2016-02-18', 22900, 22900, 0, 'SUJIT', '2017-02-25 07:28:27'),
(117, 'SSSPL/1617/SER/INV-181', '2016-09-08', 23000, 23000, 0, 'SUJIT', '2017-02-25 07:30:54'),
(118, 'SSSPL/1617/SER/INV-261', '2016-11-01', 11500, 11500, 0, 'SUJIT', '2017-02-25 07:33:02'),
(119, 'SSSPL/1516/SER/INV-424', '2016-03-21', 17175, 17175, 0, 'SUJIT', '2017-02-25 07:35:19'),
(120, 'SSSPL/1617/SER/INV-400', '2017-01-06', 20000, 20000, 0, 'SUJIT', '2017-02-25 07:39:04'),
(121, 'SSSPL/1617/SER/INV-182', '2016-09-08', 40250, 40250, 0, 'SUJIT', '2017-02-25 07:44:13'),
(122, 'SSSPL/1516/SER/INV-359', '2016-02-22', 1, 0, 1, 'SUJIT', '2017-02-25 07:45:29'),
(123, 'SSSPL/1617/SER/INV-451', '2017-02-02', 6325, 6325, 0, 'SUJIT', '2017-02-25 07:47:13'),
(124, 'SSSPL/1617/SER/INV-271', '2016-11-02', 25000, 25000, 0, 'SUJIT', '2017-02-25 07:48:22'),
(125, 'SSSPL/1516/SER/INV-389', '2016-03-07', 23473, 23473, 0, 'SUJIT', '2017-02-25 07:49:28'),
(126, 'SSSPL/1617/SER/INV-262', '2016-11-01', 23000, 23000, 0, 'SUJIT', '2017-02-25 07:50:27'),
(127, 'SSSPL/1617/SER/INV-5', '2016-04-05', 22900, 22900, 0, 'SUJIT', '2017-02-25 08:36:41'),
(128, 'SSSPL/1617/SER/INV-183', '2016-09-08', 23000, 23000, 0, 'SUJIT', '2017-02-25 08:38:36'),
(129, 'SSSPL/1617/SER/INV-122', '2016-07-18', 23000, 23000, 0, 'SUJIT', '2017-02-25 08:39:38'),
(130, 'NA6', '2016-05-31', 1, 0, 1, 'SUJIT', '2017-02-25 08:40:38'),
(131, 'SSSPL/1516/SER/INV-186', '2015-09-04', 1, 0, 1, 'SUJIT', '2017-02-25 08:42:14'),
(132, 'SSSPL/1516/SER/INV-368', '2016-02-29', 17250, 17250, 0, 'SUJIT', '2017-02-25 08:45:35'),
(133, 'SSSPL/1516/SER/INV-428', '2016-03-22', 20000, 20000, 0, 'SUJIT', '2017-02-25 08:48:20'),
(134, 'SSSPL/1617/SER/INV-40', '2016-05-11', 28625, 28625, 0, 'SUJIT', '2017-02-25 08:49:29'),
(135, 'SSSPL/1516/SER /INV-217', '2015-10-05', 45600, 45600, 0, 'SUJIT', '2017-02-25 08:50:22'),
(136, 'SSSPL/1617/SER/INV-47', '2016-05-18', 1, 0, 1, 'SUJIT', '2017-02-25 08:55:14'),
(137, 'SSSPL/1516/SER/INV-224', '2015-10-09', 1, 0, 1, 'SUJIT', '2017-02-25 08:56:17'),
(138, 'SSS/INV–09/1415/SER', '2014-04-01', 22472, 22472, 0, 'SUJIT', '2017-02-25 08:58:22'),
(139, 'SSSPL/1516/SER/INV-410', '2016-03-16', 17175, 17175, 0, 'SUJIT', '2017-02-25 08:59:32'),
(140, 'NA7', '2016-07-01', 1, 0, 1, 'SUJIT', '2017-02-25 09:00:22'),
(141, 'SSSPL/1516/SER/INV-242', '2015-11-05', 1, 0, 1, 'SUJIT', '2017-02-25 09:01:52'),
(142, 'SSSPL/1516/SER/INV-95', '2015-06-05', 1, 0, 1, 'SUJIT', '2017-02-25 09:03:47'),
(143, 'SSSPL/1617/SER/INV-121', '2016-07-18', 34500, 34500, 0, 'SUJIT', '2017-02-25 09:04:41'),
(144, 'SSSPL/1617/INV-613', '2017-02-09', 1, 0, 1, 'SUJIT', '2017-02-25 09:11:26'),
(145, 'SSSPL/1516/SER/INV-169', '2015-08-17', 1, 0, 1, 'SUJIT', '2017-02-25 09:12:51'),
(146, 'SSSPL/1617/INV-651', '2017-02-22', 1, 0, 1, 'SUJIT', '2017-02-25 09:14:21'),
(147, 'SSSPL/1516/SER/INV-349', '2016-02-12', 20610, 20610, 0, 'SUJIT', '2017-02-25 09:16:24'),
(148, 'SSSPL/1516/SER/INV-419', '2016-03-18', 1, 0, 1, 'SUJIT', '2017-02-25 09:20:15'),
(149, 'SSSPL/1516/SER/INV-418', '2016-03-18', 18000, 18000, 0, 'SUJIT', '2017-02-25 09:22:16'),
(150, 'SSSPL/1617/SER/INV-246', '2016-10-21', 40250, 0, 40250, 'SUJIT', '2017-02-25 09:26:16'),
(151, 'SSSPL/1516/SER/INV-294', '2016-12-21', 27600, 27600, 0, 'SUJIT', '2017-02-25 09:28:29'),
(152, 'NA8', '2017-01-19', 1, 0, 1, 'SUJIT', '2017-02-25 09:43:19'),
(153, 'SSSPL/1617/SER/INV-506', '2017-02-23', 23000, 23000, 0, 'SUJIT', '2017-02-25 09:44:42'),
(154, 'SSSPL/1617/SER/INV-360', '2016-12-15', 1, 0, 1, 'SUJIT', '2017-02-25 09:45:57'),
(155, 'SSSPL/1617/SER/INV-269', '2016-11-02', 32200, 32200, 0, 'SUJIT', '2017-02-25 09:50:06'),
(156, 'SSSPL/1516/SER/INV-407', '2016-03-09', 20610, 20610, 0, 'SUJIT', '2017-02-25 09:51:16'),
(157, 'SSSPL/1617/SER/INV-263', '2016-11-01', 34500, 34500, 0, 'SUJIT', '2017-02-25 09:52:07'),
(158, 'SSSPL/1617/SER/INV-223', '2016-10-13', 20700, 20700, 0, 'SUJIT', '2017-02-25 09:53:20'),
(159, 'SSSPL/1617/SER/INV-80', '2016-05-31', 1, 0, 1, 'SUJIT', '2017-02-25 09:58:31'),
(160, 'SSSPL/1516/SER/INV-243', '2015-11-05', 1, 0, 1, 'SUJIT', '2017-02-25 10:00:33'),
(161, 'SSSPL/1516/SER/INV-07', '2016-04-06', 13483, 13483, 0, 'SUJIT', '2017-02-25 10:02:40'),
(162, 'SSSPL/1617/SER/INV-317', '2016-12-05', 36800, 36800, 0, 'SUJIT', '2017-02-25 10:03:40'),
(163, 'SSSPL/1516/SER/INV-211', '2015-10-05', 34500, 31000, 3500, 'SUJIT', '2017-02-25 10:05:12'),
(164, 'NA9', '2016-09-29', 1, 0, 1, 'SUJIT', '2017-02-25 10:06:40'),
(165, 'SSSPL/1617/SER/INV-481', '2017-02-09', 13000, 13000, 0, 'SUJIT', '2017-02-25 10:20:25'),
(166, 'SSSPL/1516/SER/INV-390', '2017-03-07', 1, 0, 1, 'SUJIT', '2017-02-25 10:21:48'),
(167, 'SSSPL/1314/SER/INV-277', '2014-03-01', 1, 0, 1, 'SUJIT', '2017-02-25 10:23:40'),
(168, 'SSSPL/1516/SER/INV-119', '2015-07-02', 1, 0, 1, 'SUJIT', '2017-02-25 10:24:41'),
(169, 'SSSPL/1516/PRF/INV-321', '2016-01-11', 1, 0, 1, 'SUJIT', '2017-02-25 10:26:22'),
(170, 'SSSPL/1617/SER/INV-374', '2016-12-26', 63250, 63250, 0, 'SUJIT', '2017-02-25 10:29:14'),
(171, 'SSSPL/1617/SER/INV-237', '2016-10-17', 18400, 18400, 0, 'SUJIT', '2017-02-25 10:30:04'),
(172, 'NA10', '2016-11-07', 1, 0, 1, 'SUJIT', '2017-02-25 10:49:14'),
(173, 'SSSPL/1516/SER/INV-117', '2015-07-02', 1, 0, 1, 'SUJIT', '2017-02-25 10:50:29'),
(174, 'SSSPL/1617/SER/INV-412', '2017-01-11', 103500, 103500, 0, 'SUJIT', '2017-02-25 10:51:27'),
(175, 'NA11', '2016-11-19', 1, 0, 1, 'SUJIT', '2017-02-25 11:10:28'),
(176, 'SSSPL/1617/SER/INV-184', '2016-09-08', 28750, 28750, 0, 'SUJIT', '2017-02-25 11:11:24'),
(177, 'SSSPL/1516/SER/INV-425', '2016-03-21', 22900, 22900, 0, 'SUJIT', '2017-02-25 11:12:31'),
(178, 'NA12', '2016-11-28', 1, 0, 1, 'SUJIT', '2017-02-25 11:13:13'),
(179, 'SSSPL/1617/SER/INV-18', '2016-04-18', 22900, 22900, 0, 'SUJIT', '2017-02-25 11:15:21'),
(180, 'NA13', '2016-06-21', 1, 0, 1, 'SUJIT', '2017-02-27 11:25:31'),
(181, 'SSSPL/1617/SER/INV-186', '2016-09-08', 41400, 41400, 0, 'SUJIT', '2017-02-27 11:36:28');

-- --------------------------------------------------------

--
-- Table structure for table `mm_product_master`
--

CREATE TABLE `mm_product_master` (
  `product_id` bigint(15) NOT NULL,
  `product_type` varchar(100) NOT NULL,
  `updated_by` varchar(100) NOT NULL,
  `date_time` timestamp NOT NULL DEFAULT CURRENT_TIMESTAMP
) ENGINE=InnoDB DEFAULT CHARSET=latin1;

--
-- Dumping data for table `mm_product_master`
--

INSERT INTO `mm_product_master` (`product_id`, `product_type`, `updated_by`, `date_time`) VALUES
(1, 'PACS', 'ASD', '2017-02-14 11:03:56'),
(2, 'CCS', 'ARITRA', '2017-02-17 11:32:52'),
(3, 'ECCS', 'ARITRA', '2017-02-17 11:33:13'),
(4, 'UCB', 'ARITRA', '2017-02-17 11:33:23'),
(5, 'ARDB', 'ARITRA', '2017-02-17 11:33:43'),
(6, 'LAMPS', 'ARITRA', '2017-02-17 11:33:51'),
(7, 'OTHERS - PRIVATE', 'ARITRA', '2017-02-17 11:34:29'),
(8, 'OTHERS - GOVERNMENT', 'ARITRA', '2017-02-17 11:35:07'),
(9, 'CHIT FUND', 'ARITRA', '2017-02-17 11:36:09'),
(10, 'MARKETING', 'ARITRA', '2017-02-17 11:45:52'),
(11, 'BALAJI ETIM', 'ARITRA', '2017-02-18 09:02:38'),
(12, 'COLD STORAGE', 'ARITRA', '2017-02-18 10:03:25'),
(13, 'DEALER / RESELLER', 'ARITRA', '2017-02-18 10:18:49');

-- --------------------------------------------------------

--
-- Table structure for table `mm_state`
--

CREATE TABLE `mm_state` (
  `state_code` int(10) NOT NULL,
  `state_name` varchar(50) NOT NULL
) ENGINE=InnoDB DEFAULT CHARSET=latin1;

-- --------------------------------------------------------

--
-- Table structure for table `sales_master`
--

CREATE TABLE `sales_master` (
  `sale_code` bigint(15) NOT NULL,
  `item_code` bigint(15) NOT NULL,
  `client_code` bigint(15) NOT NULL,
  `quantity` int(15) NOT NULL,
  `warranty_period` int(15) NOT NULL,
  `purchase_date` date NOT NULL,
  `invoice_no` varchar(50) NOT NULL,
  `remarks` text NOT NULL,
  `updated_by` varchar(100) NOT NULL,
  `date_time` timestamp NOT NULL DEFAULT CURRENT_TIMESTAMP
) ENGINE=InnoDB DEFAULT CHARSET=latin1;

--
-- Dumping data for table `sales_master`
--

INSERT INTO `sales_master` (`sale_code`, `item_code`, `client_code`, `quantity`, `warranty_period`, `purchase_date`, `invoice_no`, `remarks`, `updated_by`, `date_time`) VALUES
(1, 1, 1, 150, 36, '2016-12-22', 'SSSPL/1617/INV-504', 'BATTERY ONE YEAR IN WARRANTY', 'AMITS', '2016-12-22 10:54:54'),
(2, 1, 6, 20, 36, '2016-12-22', 'SSSPL/1617/INV-510', 'BATTERY ONE YEAR IN WARRANTY', 'AMITS', '2016-12-28 07:31:00'),
(3, 1, 6, 37, 36, '2016-12-22', 'SSSPL/1617/INV-507', 'BATTERY ONE YEAR IN WARRANTY', 'AMITS', '2016-12-28 09:40:35'),
(4, 1, 5, 25, 36, '2016-12-23', 'SSSPL/1617/INV-515', 'BATTERY ONE YEAR IN WARRANTY', 'AMITS', '2016-12-28 09:43:23'),
(5, 1, 3, 85, 36, '2016-12-24', 'SSSPL/1617/INV-517', 'BATTERY ONE YEAR IN WARRANTY', 'AMITS', '2016-12-28 11:39:29'),
(6, 1, 4, 20, 36, '2016-12-23', 'SSSPL/1617/INV-511', 'BATTERY ONE YEAR IN WARRANTY', 'AMITS', '2016-12-28 11:40:58'),
(7, 1, 4, 47, 36, '2016-12-23', 'SSSPL/1617/INV-516', 'BATTERY ONE YEAR IN WARRANTY', 'AMITS', '2016-12-28 11:47:25'),
(8, 1, 1, 15, 36, '2016-12-22', 'SSSPL/1617/INV-506', 'BATTERY ONE YEAR IN WARRANTY', 'AMITS', '2016-12-28 11:50:35'),
(9, 1, 1, 6, 36, '2016-11-07', 'SSSPL/1617/INV-431', 'BATTERY ONE YEAR IN WARRANTY', 'AMITS', '2016-12-28 11:54:19'),
(10, 1, 1, 110, 36, '2016-12-23', 'SSSPL/1617/INV-509', 'BATTERY ONE YEAR IN WARRANTY', 'AMITS', '2016-12-28 13:19:46'),
(11, 1, 4, 5, 36, '2016-12-29', 'SSSPL/1617/INV-528', 'BATTERY ONE YAER IN WARRANTY', 'AMITS', '2017-01-04 12:07:10'),
(12, 1, 3, 25, 36, '2016-12-29', 'SSSPL/1617/INV-527', 'BATTERY ONE YAER IN WARRANTY', 'AMITS', '2017-01-04 12:08:38'),
(13, 1, 3, 15, 36, '2017-01-03', 'SSSPL/1617/INV-533', 'BATTERY ONE YAER IN WARRANTY', 'AMITS', '2017-01-04 12:11:59'),
(14, 1, 4, 5, 36, '2017-01-03', 'SSSPL/1617/INV-534', 'BATTERY ONE YAER IN WARRANTY', 'AMITS', '2017-01-04 12:13:08'),
(15, 2, 9, 20, 12, '2016-12-20', 'SSSPL/1617/INV-501', '', 'AMITS', '2017-01-04 12:38:21'),
(16, 2, 9, 17, 12, '2017-01-02', 'SSSPL/1617/INV-531', '', 'AMITS', '2017-01-04 12:41:07'),
(17, 2, 8, 20, 12, '2017-01-05', 'SSSPL/1617/INV-538', '', 'RAKESH', '2017-01-13 08:06:30'),
(18, 2, 9, 3, 12, '2017-01-05', 'SSSPL/1617/INV-537', '', 'RAKESH', '2017-01-13 08:07:43'),
(19, 2, 10, 2, 12, '2017-01-06', 'SSSPL/1617/INV-541', '', 'RAKESH', '2017-01-13 08:04:09'),
(20, 3, 20, 1, 12, '2017-01-02', 'SSSPL/1617/INV-544', '', 'AMITS', '2017-02-17 10:08:17'),
(21, 3, 12, 1, 12, '2017-01-09', 'SSSPL/1617/INV-542', '', 'RAKESH', '2017-01-13 08:15:04'),
(22, 3, 13, 1, 12, '2017-01-09', 'SSSPL/1617/INV-543', '', 'RAKESH', '2017-01-13 08:17:35'),
(24, 1, 1, 15, 36, '2017-01-17', 'SSSPL/1617/INV-558', 'BATTERY ONE YEAR IN WARRANTY', 'RAKESH', '2017-01-18 07:14:53'),
(25, 3, 14, 1, 12, '2017-01-27', 'SSSPL/1617/INV-577', '', 'RAKESH', '2017-02-03 08:29:54'),
(26, 2, 15, 3, 12, '2017-01-30', 'SSSPL/1617/INV-584', '', 'RAKESH', '2017-02-03 08:37:41'),
(27, 2, 16, 2, 12, '2017-01-27', 'SSSPL/1617/INV-576', '', 'RAKESH', '2017-02-03 08:41:04'),
(28, 2, 17, 1, 12, '2017-01-05', 'SSSPL/1617/INV-539', '', 'RAKESH', '2017-02-03 08:44:10'),
(29, 3, 12, 1, 12, '2017-01-16', 'SSSPL/1617/INV-555', '', 'RAKESH', '2017-02-03 08:46:40'),
(30, 2, 18, 2, 12, '2017-02-02', 'SSSPL/1617/INV-589', '', 'RAKESH', '2017-02-03 09:00:07'),
(31, 1, 4, 4, 36, '2017-01-24', 'SSSPL/1617/INV-566', 'BATTERY 1 YEAR IN WARRANTY', 'AMITS', '2017-02-17 09:07:46'),
(32, 1, 2, 174, 36, '2017-12-21', 'SSSPL/1617/INV-503', 'BATTERY 1 YEAR IN WARRANTY', 'AMITS', '2017-02-17 09:14:34'),
(33, 2, 8, 5, 12, '2016-10-03', 'SSSPL/1617/INV-357', '', 'AMITS', '2017-02-17 09:34:01'),
(34, 2, 8, 5, 12, '2017-02-09', 'SSSPL/1617/INV-612', '', 'AMITS', '2017-02-17 09:34:57'),
(35, 2, 8, 10, 12, '2016-06-02', 'SSSPL/1617/INV-103', '', 'AMITS', '2017-02-17 09:51:19'),
(36, 2, 8, 20, 12, '2016-05-17', 'SSSPL/1617/INV-69', '', 'AMITS', '2017-02-17 09:44:51'),
(37, 2, 8, 10, 12, '2016-03-18', 'SSSPL/1516/INV-521', '', 'AMITS', '2017-02-17 09:46:13'),
(38, 3, 12, 1, 12, '2017-02-17', 'SSSPL/1617/INV-633', '', 'AMITS', '2017-02-17 09:52:50'),
(39, 2, 18, 1, 12, '2017-02-16', 'SSSPL/1617/INV-628', '', 'AMITS', '2017-02-17 09:53:39'),
(40, 2, 19, 18, 24, '2017-02-10', 'SSSPL/1617/INV-616', '', 'AMITS', '2017-02-17 09:59:48'),
(41, 1, 21, 1, 12, '2017-01-25', 'SSSPL/1617/INV-569', '', 'AMITS', '2017-02-17 10:18:37'),
(42, 2, 8, 5, 12, '2017-02-20', 'SSSPL/1617/INV-640', '', 'AMITS', '2017-02-20 13:01:30'),
(43, 5, 22, 2, 12, '2017-02-20', 'SSSPL/1617/INV-641', '', 'AMITS', '2017-02-20 13:03:55'),
(44, 2, 24, 1, 12, '2017-02-24', 'SSSPL/1617/INV-656', '', 'AMITS', '2017-02-25 06:26:08'),
(45, 2, 23, 1, 12, '2017-02-24', 'SSSPL/1617/INV-657', '', 'AMITS', '2017-03-01 11:23:18'),
(46, 2, 12, 2, 12, '2017-02-27', 'SSSPL/1617/INV-660', '', 'AMITS', '2017-03-01 11:25:49');

-- --------------------------------------------------------

--
-- Table structure for table `serial_master`
--

CREATE TABLE `serial_master` (
  `serial_code` bigint(15) NOT NULL,
  `sale_code` bigint(15) NOT NULL,
  `serial_no` bigint(15) NOT NULL
) ENGINE=InnoDB DEFAULT CHARSET=latin1;

--
-- Dumping data for table `serial_master`
--

INSERT INTO `serial_master` (`serial_code`, `sale_code`, `serial_no`) VALUES
(1, 1, 96120981),
(2, 1, 96120982),
(3, 1, 96120983),
(4, 1, 96120984),
(5, 1, 96120985),
(6, 1, 96120986),
(7, 1, 96120987),
(8, 1, 96120988),
(9, 1, 96120989),
(10, 1, 96120990),
(11, 1, 96120991),
(12, 1, 96120992),
(13, 1, 96120993),
(14, 1, 96120994),
(15, 1, 96120995),
(16, 1, 96120996),
(17, 1, 96120997),
(18, 1, 96120998),
(19, 1, 96120999),
(20, 1, 96121000),
(21, 1, 96121001),
(22, 1, 96121002),
(24, 1, 96121004),
(25, 1, 96121005),
(26, 1, 96121006),
(27, 1, 96121007),
(28, 1, 96121008),
(29, 1, 96121009),
(30, 1, 96121010),
(31, 1, 96121011),
(32, 1, 96121012),
(33, 1, 96121013),
(34, 1, 96121014),
(35, 1, 96121015),
(36, 1, 96121016),
(37, 1, 96121017),
(38, 1, 96121018),
(39, 1, 96121019),
(40, 1, 96121020),
(41, 1, 96121021),
(42, 1, 96121022),
(43, 1, 96121023),
(44, 1, 96121024),
(45, 1, 96121025),
(46, 1, 96121026),
(47, 1, 96121027),
(48, 1, 96121028),
(49, 1, 96121029),
(50, 1, 96121030),
(51, 1, 96121031),
(52, 1, 96121032),
(53, 1, 96121033),
(54, 1, 96121034),
(55, 1, 96121035),
(56, 1, 96121036),
(57, 1, 96121037),
(58, 1, 96121038),
(59, 1, 96121039),
(60, 1, 96121040),
(61, 1, 96121041),
(62, 1, 96121042),
(63, 1, 96121043),
(64, 1, 96121044),
(65, 1, 96121045),
(66, 1, 96121046),
(67, 1, 96121047),
(68, 1, 96121048),
(69, 1, 96121049),
(70, 1, 96121050),
(71, 1, 96121051),
(72, 1, 96121052),
(73, 1, 96121053),
(74, 1, 96121054),
(75, 1, 96121055),
(76, 1, 96121056),
(77, 1, 96121057),
(78, 1, 96121058),
(79, 1, 96121059),
(80, 1, 96121060),
(81, 1, 96121061),
(82, 1, 96121062),
(83, 1, 96121063),
(84, 1, 96121064),
(85, 1, 96121065),
(86, 1, 96121066),
(87, 1, 96121067),
(88, 1, 96121068),
(89, 1, 96121069),
(90, 1, 96121070),
(91, 1, 96121071),
(92, 1, 96121072),
(93, 1, 96121073),
(94, 1, 96121074),
(95, 1, 96121075),
(96, 1, 96121076),
(97, 1, 96121077),
(98, 1, 96121078),
(99, 1, 96121079),
(100, 1, 96121080),
(101, 1, 96121081),
(102, 1, 96121082),
(103, 1, 96121083),
(104, 1, 96121084),
(105, 1, 96121085),
(106, 1, 96121086),
(107, 1, 96121087),
(108, 1, 96121088),
(109, 1, 96121089),
(110, 1, 96121090),
(111, 1, 96121091),
(112, 1, 96121092),
(113, 1, 96121093),
(114, 1, 96121094),
(115, 1, 96121095),
(116, 1, 96121096),
(117, 1, 96121097),
(118, 1, 96121098),
(119, 1, 96121099),
(120, 1, 96121100),
(121, 1, 96121101),
(122, 1, 96121102),
(123, 1, 96121103),
(124, 1, 96121104),
(125, 1, 96121105),
(126, 1, 96121106),
(127, 1, 96121107),
(128, 1, 96121108),
(129, 1, 96121109),
(130, 1, 96121110),
(131, 1, 96121111),
(132, 1, 96121112),
(133, 1, 96121113),
(134, 1, 96121114),
(135, 1, 96121115),
(136, 1, 96121116),
(137, 1, 96121117),
(138, 1, 96121118),
(139, 1, 96121119),
(140, 1, 96121120),
(141, 1, 96121121),
(142, 1, 96121122),
(143, 1, 96121123),
(144, 1, 96121124),
(145, 1, 96121125),
(146, 1, 96121126),
(147, 1, 96121127),
(148, 1, 96121128),
(149, 1, 96121129),
(150, 1, 96121130),
(151, 2, 96121401),
(152, 2, 96121402),
(153, 2, 96121403),
(154, 2, 96121404),
(155, 2, 96121405),
(156, 2, 96121406),
(157, 2, 96121407),
(158, 2, 96121408),
(159, 2, 96121409),
(160, 2, 96121410),
(161, 2, 96121411),
(162, 2, 96121412),
(163, 2, 96121413),
(164, 2, 96121414),
(165, 2, 96121415),
(166, 2, 96121416),
(167, 2, 96121417),
(168, 2, 96121418),
(169, 2, 96121419),
(170, 2, 96121420),
(171, 3, 96121146),
(172, 3, 96121147),
(173, 3, 96121148),
(174, 3, 96121149),
(175, 3, 96121150),
(176, 3, 96121151),
(177, 3, 96121152),
(178, 3, 96121153),
(179, 3, 96121154),
(180, 3, 96121155),
(181, 3, 96121156),
(182, 3, 96121157),
(183, 3, 96121158),
(184, 3, 96121159),
(185, 3, 96121160),
(186, 3, 96121161),
(187, 3, 96121162),
(188, 3, 96121163),
(189, 3, 96121164),
(190, 3, 96121165),
(191, 3, 96121166),
(192, 3, 96121167),
(193, 3, 96121168),
(194, 3, 96121169),
(195, 3, 96121170),
(196, 3, 96121171),
(197, 3, 96121172),
(198, 3, 96121173),
(199, 3, 96121174),
(200, 3, 96121175),
(201, 3, 96121176),
(202, 3, 96121177),
(203, 3, 96121178),
(204, 3, 96121179),
(205, 3, 96121180),
(206, 3, 16090103778),
(207, 3, 16090103784),
(208, 4, 96121901),
(209, 4, 96121902),
(210, 4, 96121903),
(211, 4, 96121904),
(212, 4, 96121905),
(213, 4, 96121906),
(214, 4, 96121907),
(215, 4, 96121908),
(216, 4, 96121909),
(217, 4, 96121910),
(218, 4, 96121911),
(219, 4, 96121912),
(220, 4, 96121913),
(221, 4, 96121914),
(222, 4, 96121915),
(223, 4, 96121916),
(224, 4, 96121917),
(225, 4, 96121918),
(226, 4, 96121919),
(227, 4, 96121920),
(228, 4, 96121443),
(229, 4, 96121450),
(230, 4, 96121459),
(231, 4, 96121458),
(232, 4, 96121452),
(233, 5, 96121921),
(234, 5, 96121922),
(235, 5, 96121923),
(236, 5, 96121924),
(237, 5, 96121925),
(238, 5, 96121926),
(239, 5, 96121927),
(240, 5, 96121928),
(241, 5, 96121929),
(242, 5, 96121930),
(243, 5, 96121931),
(244, 5, 96121932),
(245, 5, 96121933),
(246, 5, 96121934),
(247, 5, 96121935),
(248, 5, 96121936),
(249, 5, 96121937),
(250, 5, 96121938),
(251, 5, 96121939),
(252, 5, 96121940),
(253, 5, 96121841),
(254, 5, 96121842),
(255, 5, 96121843),
(256, 5, 96121844),
(257, 5, 96121845),
(258, 5, 96121846),
(259, 5, 96121847),
(260, 5, 96121848),
(261, 5, 96121849),
(262, 5, 96121850),
(263, 5, 96121851),
(264, 5, 96121852),
(265, 5, 96121853),
(266, 5, 96121854),
(267, 5, 96121855),
(268, 5, 96121856),
(269, 5, 96121857),
(270, 5, 96121858),
(271, 5, 96121859),
(272, 5, 96121860),
(273, 5, 96121561),
(274, 5, 96121562),
(275, 5, 96121563),
(276, 5, 96121564),
(277, 5, 96121565),
(278, 5, 96121566),
(279, 5, 96121567),
(280, 5, 96121568),
(281, 5, 96121569),
(282, 5, 96121570),
(283, 5, 96121571),
(284, 5, 96121572),
(285, 5, 96121573),
(286, 5, 96121574),
(287, 5, 96121575),
(288, 5, 96121576),
(289, 5, 96121577),
(290, 5, 96121578),
(291, 5, 96121579),
(292, 5, 96121580),
(293, 5, 96121861),
(294, 5, 96121862),
(295, 5, 96121863),
(296, 5, 96121864),
(297, 5, 96121865),
(298, 5, 96121866),
(299, 5, 96121867),
(300, 5, 96121868),
(301, 5, 96121869),
(302, 5, 96121870),
(303, 5, 96121871),
(304, 5, 96121872),
(305, 5, 96121873),
(306, 5, 96121874),
(307, 5, 96121875),
(308, 5, 96121876),
(309, 5, 96121877),
(310, 5, 96121878),
(311, 5, 96121879),
(312, 5, 96121880),
(313, 5, 96121446),
(314, 5, 96121447),
(315, 5, 96121454),
(316, 5, 96121451),
(317, 5, 96121442),
(318, 6, 96121521),
(319, 6, 96121522),
(320, 6, 96121523),
(321, 6, 96121524),
(322, 6, 96121525),
(323, 6, 96121526),
(324, 6, 96121527),
(325, 6, 96121528),
(326, 6, 96121529),
(327, 6, 96121530),
(328, 6, 96121531),
(329, 6, 96121532),
(330, 6, 96121533),
(331, 6, 96121534),
(332, 6, 96121535),
(333, 6, 96121536),
(334, 6, 96121537),
(335, 6, 96121538),
(336, 6, 96121539),
(337, 6, 96121540),
(338, 7, 96121881),
(339, 7, 96121882),
(340, 7, 96121883),
(341, 7, 96121884),
(342, 7, 96121885),
(343, 7, 96121886),
(344, 7, 96121887),
(345, 7, 96121888),
(346, 7, 96121889),
(347, 7, 96121890),
(348, 7, 96121891),
(349, 7, 96121892),
(350, 7, 96121893),
(351, 7, 96121894),
(352, 7, 96121895),
(353, 7, 96121896),
(354, 7, 96121340),
(355, 7, 96121898),
(356, 7, 96121899),
(357, 7, 96121900),
(358, 7, 96121581),
(359, 7, 96121582),
(360, 7, 96121583),
(361, 7, 96121584),
(362, 7, 96121585),
(363, 7, 96121586),
(364, 7, 96121587),
(365, 7, 96121588),
(366, 7, 96121589),
(367, 7, 96121590),
(368, 7, 96121591),
(369, 7, 96121592),
(370, 7, 96121593),
(371, 7, 96121594),
(372, 7, 96121595),
(373, 7, 96121596),
(374, 7, 96121597),
(375, 7, 96121598),
(376, 7, 96121599),
(377, 7, 96121600),
(378, 7, 96121455),
(379, 7, 96121550),
(380, 7, 96121559),
(381, 7, 96121548),
(382, 7, 96121543),
(383, 7, 96121555),
(384, 7, 96121551),
(385, 8, 96121131),
(386, 8, 96121132),
(387, 8, 96121133),
(388, 8, 96121134),
(389, 8, 96121135),
(390, 8, 96121136),
(391, 8, 96121137),
(392, 8, 96121138),
(393, 8, 96121139),
(394, 8, 96121140),
(395, 8, 96121141),
(396, 8, 96121142),
(397, 8, 96121143),
(398, 8, 96121144),
(399, 8, 96121145),
(400, 9, 16090103779),
(401, 9, 16090103785),
(402, 9, 16090103786),
(403, 9, 16090101107),
(404, 9, 16090101113),
(405, 9, 16090103772),
(406, 10, 96121941),
(407, 10, 96121942),
(408, 10, 96121943),
(409, 10, 96121944),
(410, 10, 96121945),
(411, 10, 96121946),
(412, 10, 96121947),
(413, 10, 96121948),
(414, 10, 96121949),
(415, 10, 96121950),
(416, 10, 96121951),
(417, 10, 96121952),
(418, 10, 96121953),
(419, 10, 96121954),
(420, 10, 96121955),
(421, 10, 96121956),
(422, 10, 96121957),
(423, 10, 96121958),
(424, 10, 96121959),
(425, 10, 96121960),
(426, 10, 96121961),
(427, 10, 96121962),
(428, 10, 96121963),
(429, 10, 96121964),
(430, 10, 96121965),
(431, 10, 96121966),
(432, 10, 96121967),
(433, 10, 96121968),
(434, 10, 96121969),
(435, 10, 96121970),
(436, 10, 96121971),
(437, 10, 96121972),
(438, 10, 96121973),
(439, 10, 96121974),
(440, 10, 96121975),
(441, 10, 96121976),
(442, 10, 96121977),
(443, 10, 96121978),
(444, 10, 96121979),
(445, 10, 96121980),
(446, 10, 96121801),
(447, 10, 96121802),
(448, 10, 96121803),
(449, 10, 96121804),
(450, 10, 96121805),
(451, 10, 96121806),
(452, 10, 96121807),
(453, 10, 96121808),
(454, 10, 96121809),
(455, 10, 96121810),
(456, 10, 96121811),
(457, 10, 96121812),
(458, 10, 96121813),
(459, 10, 96121814),
(460, 10, 96121815),
(461, 10, 96121816),
(462, 10, 96121817),
(463, 10, 96121818),
(464, 10, 96121819),
(465, 10, 96121820),
(466, 10, 96121821),
(467, 10, 96121822),
(468, 10, 96121823),
(469, 10, 96121824),
(470, 10, 96121825),
(471, 10, 96121826),
(472, 10, 96121827),
(473, 10, 96121828),
(474, 10, 96121829),
(475, 10, 96121830),
(476, 10, 96121831),
(477, 10, 96121832),
(478, 10, 96121833),
(479, 10, 96121834),
(480, 10, 96121835),
(481, 10, 96121836),
(482, 10, 96121837),
(483, 10, 96121838),
(484, 10, 96121839),
(485, 10, 96121840),
(486, 10, 96121981),
(487, 10, 96121982),
(488, 10, 96121983),
(489, 10, 96121984),
(490, 10, 96121985),
(491, 10, 96121986),
(492, 10, 96121987),
(493, 10, 96121988),
(494, 10, 96121989),
(495, 10, 96121990),
(496, 10, 96121991),
(497, 10, 96121992),
(498, 10, 96121993),
(499, 10, 96121994),
(500, 10, 96121995),
(501, 10, 96121996),
(502, 10, 96121997),
(503, 10, 96121998),
(504, 10, 96121999),
(505, 10, 96122000),
(506, 10, 96122001),
(507, 10, 96121448),
(508, 10, 96121460),
(509, 10, 96121449),
(510, 10, 96121445),
(511, 10, 96121441),
(512, 10, 96121457),
(513, 10, 96121453),
(514, 10, 96121456),
(515, 10, 96121444),
(516, 11, 96121326),
(517, 11, 96121297),
(518, 11, 96121345),
(519, 11, 96120102),
(520, 11, 96120015),
(521, 12, 96121344),
(522, 12, 96121323),
(523, 12, 96121284),
(524, 12, 96121291),
(525, 12, 96121321),
(526, 12, 96121292),
(527, 12, 96121356),
(528, 12, 96121287),
(529, 12, 96120146),
(530, 12, 96121300),
(531, 12, 96121322),
(532, 12, 96121343),
(533, 12, 96121245),
(534, 12, 96121283),
(535, 12, 96121289),
(536, 12, 96121348),
(537, 12, 96121357),
(538, 12, 96121335),
(539, 12, 96120174),
(540, 12, 96121353),
(541, 12, 96121294),
(542, 12, 96121331),
(543, 12, 96121346),
(544, 12, 96121332),
(545, 12, 96121254),
(546, 13, 96122082),
(547, 13, 96122083),
(548, 13, 96122084),
(549, 13, 96122085),
(550, 13, 96122087),
(551, 13, 96122088),
(552, 13, 96122089),
(553, 13, 96122090),
(554, 13, 96122091),
(555, 13, 96122092),
(556, 13, 96122093),
(557, 13, 96122095),
(558, 13, 96122097),
(559, 13, 96122099),
(560, 13, 96122100),
(561, 14, 96122098),
(562, 14, 96122101),
(563, 14, 96122096),
(564, 14, 96122086),
(565, 14, 96122094),
(566, 15, 216111445),
(567, 15, 216111443),
(568, 15, 216111446),
(569, 15, 216111448),
(570, 15, 216111449),
(571, 15, 216111441),
(572, 15, 216111464),
(573, 15, 216111452),
(574, 15, 216111460),
(575, 15, 216111450),
(576, 15, 216111455),
(577, 15, 216111459),
(578, 15, 216111458),
(579, 15, 216111461),
(580, 15, 216111442),
(581, 15, 216111454),
(582, 15, 216111451),
(583, 15, 216111456),
(584, 15, 216111447),
(585, 15, 216111463),
(586, 16, 91956694),
(587, 16, 91956692),
(588, 16, 91956689),
(589, 16, 91956695),
(590, 16, 91956686),
(591, 16, 91956693),
(592, 16, 91956688),
(593, 16, 91956685),
(594, 16, 91956691),
(595, 16, 91956690),
(596, 16, 91956683),
(597, 16, 91956680),
(598, 16, 91956684),
(599, 16, 91956687),
(600, 16, 91956676),
(601, 16, 91956681),
(602, 16, 91956682),
(603, 17, 91957064),
(604, 17, 91957065),
(605, 17, 91957066),
(606, 17, 91957067),
(607, 17, 91957068),
(608, 17, 91957069),
(609, 17, 91957070),
(610, 17, 91957071),
(611, 17, 91957072),
(612, 17, 91957073),
(613, 17, 91957074),
(614, 17, 91957075),
(615, 17, 91957076),
(616, 17, 91957077),
(617, 17, 91957078),
(618, 17, 91957079),
(619, 17, 91957080),
(620, 17, 91957083),
(621, 17, 91957082),
(622, 17, 91957084),
(623, 18, 91957063),
(624, 18, 91957062),
(625, 18, 91957061),
(626, 19, 91957085),
(627, 19, 91957081),
(628, 20, 91957089),
(629, 21, 91956672),
(630, 22, 91956446),
(805, 24, 96122107),
(806, 24, 96122105),
(807, 24, 96122118),
(808, 24, 96122116),
(809, 24, 96122112),
(810, 24, 96122102),
(811, 24, 96122103),
(812, 24, 96122120),
(813, 24, 96122109),
(814, 24, 96122104),
(815, 24, 96122110),
(816, 24, 96122117),
(817, 24, 96122113),
(818, 24, 96122111),
(819, 24, 96122114),
(820, 25, 91957087),
(821, 26, 91957340),
(822, 26, 91947333),
(823, 26, 91957339),
(824, 27, 91957337),
(825, 27, 91957334),
(826, 28, 91957086),
(827, 29, 91957088),
(828, 30, 91957335),
(829, 30, 91957338),
(830, 31, 96122055),
(831, 31, 96122058),
(832, 31, 96122056),
(833, 31, 96122049),
(834, 32, 96120089),
(835, 32, 96120616),
(836, 32, 96121339),
(837, 32, 96121327),
(838, 32, 96121328),
(839, 32, 96120137),
(840, 32, 96120263),
(841, 32, 96120023),
(842, 32, 96120676),
(843, 32, 96121295),
(844, 32, 96121421),
(845, 32, 96121422),
(846, 32, 96121423),
(847, 32, 96121424),
(848, 32, 96121425),
(849, 32, 96121426),
(850, 32, 96121427),
(851, 32, 96121428),
(852, 32, 96121429),
(853, 32, 96121430),
(854, 32, 96121431),
(855, 32, 96121432),
(856, 32, 96121433),
(857, 32, 96121434),
(858, 32, 96121435),
(859, 32, 96121436),
(860, 32, 96121437),
(861, 32, 96121438),
(862, 32, 96121439),
(863, 32, 96121440),
(864, 32, 96121461),
(865, 32, 96121462),
(866, 32, 96121463),
(867, 32, 96121464),
(868, 32, 96121465),
(869, 32, 96121466),
(870, 32, 96121467),
(871, 32, 96121468),
(872, 32, 96121469),
(873, 32, 96121470),
(874, 32, 96121471),
(875, 32, 96121472),
(876, 32, 96121473),
(877, 32, 96121474),
(878, 32, 96121475),
(879, 32, 96121476),
(880, 32, 96121477),
(881, 32, 96121478),
(882, 32, 96121479),
(883, 32, 96121480),
(884, 32, 96121481),
(885, 32, 96121482),
(886, 32, 96121483),
(887, 32, 96121484),
(888, 32, 96121485),
(889, 32, 96121486),
(890, 32, 96121487),
(891, 32, 96121488),
(892, 32, 96121489),
(893, 32, 96121490),
(894, 32, 96121491),
(895, 32, 96121492),
(896, 32, 96121493),
(897, 32, 96121494),
(898, 32, 96121495),
(899, 32, 96121496),
(900, 32, 96121497),
(901, 32, 96121498),
(902, 32, 96121499),
(903, 32, 96121500),
(904, 32, 96121501),
(905, 32, 96121502),
(906, 32, 96121503),
(907, 32, 96121504),
(908, 32, 96121505),
(909, 32, 96121506),
(910, 32, 96121507),
(911, 32, 96121508),
(912, 32, 96121509),
(913, 32, 96121510),
(914, 32, 96121511),
(915, 32, 96121512),
(916, 32, 96121513),
(917, 32, 96121514),
(918, 32, 96121515),
(919, 32, 96121516),
(920, 32, 96121517),
(921, 32, 96121518),
(922, 32, 96121519),
(923, 32, 96121520),
(924, 32, 96121381),
(925, 32, 96121382),
(926, 32, 96121383),
(927, 32, 96121384),
(928, 32, 96121385),
(929, 32, 96121386),
(930, 32, 96121387),
(931, 32, 96121388),
(932, 32, 96121389),
(933, 32, 96121390),
(934, 32, 96121391),
(935, 32, 96121392),
(936, 32, 96121393),
(937, 32, 96121394),
(938, 32, 96121395),
(939, 32, 96121396),
(940, 32, 96121397),
(941, 32, 96121398),
(942, 32, 96121399),
(943, 32, 96121400),
(944, 32, 96121361),
(945, 32, 96121362),
(946, 32, 96121363),
(947, 32, 96121364),
(948, 32, 96121365),
(949, 32, 96121366),
(950, 32, 96121367),
(951, 32, 96121368),
(952, 32, 96121369),
(953, 32, 96121370),
(954, 32, 96121371),
(955, 32, 96121372),
(956, 32, 96121373),
(957, 32, 96121374),
(958, 32, 96121375),
(959, 32, 96121376),
(960, 32, 96121377),
(961, 32, 96121378),
(962, 32, 96121379),
(963, 32, 96121380),
(964, 32, 96121541),
(965, 32, 96121542),
(966, 32, 96121544),
(967, 32, 96121545),
(968, 32, 96121547),
(969, 32, 96121549),
(970, 32, 96121552),
(971, 32, 96121553),
(972, 32, 96121554),
(973, 32, 96121556),
(974, 32, 96121557),
(975, 32, 96121558),
(976, 32, 96121560),
(977, 32, 96121546),
(978, 32, 96122053),
(979, 32, 96122045),
(980, 32, 96122057),
(981, 32, 96122059),
(982, 32, 96122044),
(983, 32, 96122042),
(984, 32, 96122051),
(985, 32, 96122061),
(986, 32, 96122054),
(987, 32, 96122048),
(988, 32, 96122142),
(989, 32, 96122143),
(990, 32, 96122144),
(991, 32, 96122145),
(992, 32, 96122146),
(993, 32, 96122147),
(994, 32, 96122148),
(995, 32, 96122149),
(996, 32, 96122150),
(997, 32, 96122151),
(998, 32, 96122152),
(999, 32, 96122153),
(1000, 32, 96122154),
(1001, 32, 96122155),
(1002, 32, 96122156),
(1003, 32, 96122157),
(1004, 32, 96122158),
(1005, 32, 96122159),
(1006, 32, 96122160),
(1007, 32, 96122161),
(1008, 33, 216090423),
(1009, 33, 216090422),
(1010, 33, 216090425),
(1011, 33, 216090424),
(1012, 33, 216090421),
(1013, 34, 91959159),
(1014, 34, 91959160),
(1015, 34, 91959161),
(1016, 34, 91959162),
(1017, 34, 91957336),
(1018, 35, 216050436),
(1019, 35, 216050429),
(1020, 35, 216050434),
(1021, 35, 216050425),
(1022, 35, 216050425),
(1023, 35, 216050437),
(1024, 35, 216050433),
(1025, 35, 216050435),
(1026, 35, 216050423),
(1027, 35, 216050432),
(1028, 36, 216050098),
(1029, 36, 216050102),
(1030, 36, 216050104),
(1031, 36, 216050092),
(1032, 36, 21605109),
(1033, 36, 216050114),
(1034, 36, 216050097),
(1035, 36, 216050108),
(1036, 36, 216050110),
(1037, 36, 2160096),
(1038, 36, 216050095),
(1039, 36, 216050100),
(1040, 36, 216050115),
(1041, 36, 216050101),
(1042, 36, 216050113),
(1043, 36, 216050094),
(1044, 36, 216050103),
(1045, 36, 216050111),
(1046, 36, 216050105),
(1047, 36, 216050099),
(1048, 37, 91951041),
(1049, 37, 91951029),
(1050, 37, 91951042),
(1051, 37, 91951035),
(1052, 37, 91951034),
(1053, 37, 91951037),
(1054, 37, 91951038),
(1055, 37, 91951033),
(1056, 37, 91951030),
(1057, 37, 91951032),
(1058, 38, 91956675),
(1059, 39, 91959163),
(1060, 40, 91959141),
(1061, 40, 91959142),
(1062, 40, 91959143),
(1063, 40, 91959144),
(1064, 40, 91959145),
(1065, 40, 91959146),
(1066, 40, 91959147),
(1067, 40, 91959148),
(1068, 40, 91959149),
(1069, 40, 91959150),
(1070, 40, 91959151),
(1071, 40, 91959152),
(1072, 40, 91959153),
(1073, 40, 91959154),
(1074, 40, 91959155),
(1075, 40, 91959156),
(1076, 40, 91959157),
(1077, 40, 91959158),
(1078, 41, 96122046),
(1079, 42, 91959692),
(1080, 42, 91959700),
(1081, 42, 91959698),
(1082, 42, 91959696),
(1083, 42, 91959699),
(1084, 43, 91959690),
(1085, 43, 91959689),
(1086, 44, 91959685),
(1087, 45, 91959691),
(1088, 46, 91957341),
(1089, 46, 91957090);

--
-- Indexes for dumped tables
--

--
-- Indexes for table `client_master`
--
ALTER TABLE `client_master`
  ADD PRIMARY KEY (`client_code`);

--
-- Indexes for table `item_master`
--
ALTER TABLE `item_master`
  ADD PRIMARY KEY (`item_code`);

--
-- Indexes for table `login_master`
--
ALTER TABLE `login_master`
  ADD PRIMARY KEY (`login_code`);

--
-- Indexes for table `mm_amc_master`
--
ALTER TABLE `mm_amc_master`
  ADD PRIMARY KEY (`amc_id`);

--
-- Indexes for table `mm_client_master`
--
ALTER TABLE `mm_client_master`
  ADD PRIMARY KEY (`client_id`);

--
-- Indexes for table `mm_district`
--
ALTER TABLE `mm_district`
  ADD PRIMARY KEY (`district_code`);

--
-- Indexes for table `mm_exectuion_status`
--
ALTER TABLE `mm_exectuion_status`
  ADD PRIMARY KEY (`exe_code`);

--
-- Indexes for table `mm_login_master`
--
ALTER TABLE `mm_login_master`
  ADD PRIMARY KEY (`login_code`);

--
-- Indexes for table `mm_log_master`
--
ALTER TABLE `mm_log_master`
  ADD PRIMARY KEY (`log_id`);

--
-- Indexes for table `mm_order_master`
--
ALTER TABLE `mm_order_master`
  ADD PRIMARY KEY (`order_id`);

--
-- Indexes for table `mm_payment_master`
--
ALTER TABLE `mm_payment_master`
  ADD PRIMARY KEY (`payment_id`);

--
-- Indexes for table `mm_product_master`
--
ALTER TABLE `mm_product_master`
  ADD PRIMARY KEY (`product_id`);

--
-- Indexes for table `mm_state`
--
ALTER TABLE `mm_state`
  ADD PRIMARY KEY (`state_code`);

--
-- Indexes for table `sales_master`
--
ALTER TABLE `sales_master`
  ADD PRIMARY KEY (`sale_code`);

--
-- Indexes for table `serial_master`
--
ALTER TABLE `serial_master`
  ADD PRIMARY KEY (`serial_code`);

--
-- AUTO_INCREMENT for dumped tables
--

--
-- AUTO_INCREMENT for table `client_master`
--
ALTER TABLE `client_master`
  MODIFY `client_code` bigint(15) NOT NULL AUTO_INCREMENT, AUTO_INCREMENT=25;
--
-- AUTO_INCREMENT for table `item_master`
--
ALTER TABLE `item_master`
  MODIFY `item_code` bigint(15) NOT NULL AUTO_INCREMENT, AUTO_INCREMENT=7;
--
-- AUTO_INCREMENT for table `login_master`
--
ALTER TABLE `login_master`
  MODIFY `login_code` int(10) NOT NULL AUTO_INCREMENT, AUTO_INCREMENT=6;
--
-- AUTO_INCREMENT for table `mm_amc_master`
--
ALTER TABLE `mm_amc_master`
  MODIFY `amc_id` bigint(15) NOT NULL AUTO_INCREMENT, AUTO_INCREMENT=182;
--
-- AUTO_INCREMENT for table `mm_client_master`
--
ALTER TABLE `mm_client_master`
  MODIFY `client_id` bigint(15) NOT NULL AUTO_INCREMENT, AUTO_INCREMENT=584;
--
-- AUTO_INCREMENT for table `mm_district`
--
ALTER TABLE `mm_district`
  MODIFY `district_code` int(10) NOT NULL AUTO_INCREMENT;
--
-- AUTO_INCREMENT for table `mm_exectuion_status`
--
ALTER TABLE `mm_exectuion_status`
  MODIFY `exe_code` int(10) NOT NULL AUTO_INCREMENT;
--
-- AUTO_INCREMENT for table `mm_login_master`
--
ALTER TABLE `mm_login_master`
  MODIFY `login_code` int(10) NOT NULL AUTO_INCREMENT, AUTO_INCREMENT=17;
--
-- AUTO_INCREMENT for table `mm_log_master`
--
ALTER TABLE `mm_log_master`
  MODIFY `log_id` bigint(15) NOT NULL AUTO_INCREMENT, AUTO_INCREMENT=406;
--
-- AUTO_INCREMENT for table `mm_order_master`
--
ALTER TABLE `mm_order_master`
  MODIFY `order_id` bigint(15) NOT NULL AUTO_INCREMENT, AUTO_INCREMENT=584;
--
-- AUTO_INCREMENT for table `mm_payment_master`
--
ALTER TABLE `mm_payment_master`
  MODIFY `payment_id` bigint(15) NOT NULL AUTO_INCREMENT, AUTO_INCREMENT=182;
--
-- AUTO_INCREMENT for table `mm_product_master`
--
ALTER TABLE `mm_product_master`
  MODIFY `product_id` bigint(15) NOT NULL AUTO_INCREMENT, AUTO_INCREMENT=14;
--
-- AUTO_INCREMENT for table `mm_state`
--
ALTER TABLE `mm_state`
  MODIFY `state_code` int(10) NOT NULL AUTO_INCREMENT;
--
-- AUTO_INCREMENT for table `sales_master`
--
ALTER TABLE `sales_master`
  MODIFY `sale_code` bigint(15) NOT NULL AUTO_INCREMENT, AUTO_INCREMENT=47;
--
-- AUTO_INCREMENT for table `serial_master`
--
ALTER TABLE `serial_master`
  MODIFY `serial_code` bigint(15) NOT NULL AUTO_INCREMENT, AUTO_INCREMENT=1090;
/*!40101 SET CHARACTER_SET_CLIENT=@OLD_CHARACTER_SET_CLIENT */;
/*!40101 SET CHARACTER_SET_RESULTS=@OLD_CHARACTER_SET_RESULTS */;
/*!40101 SET COLLATION_CONNECTION=@OLD_COLLATION_CONNECTION */;
